0.01,104,
0.010003999948501588,78,
0.010007999897003173,63,
0.01001200008392334,57,
0.010016000032424926,56,
0.010019999980926514,55,
0.010023999929428101,57,
0.010028000116348267,66,
0.010032000064849854,77,
0.010036000013351441,84,
0.010039999961853027,93,
0.010043999910354614,104,
0.010049000024795533,116,
0.01005299997329712,125,
0.010056999921798706,133,
0.010061000108718871,144,
0.010065000057220459,155,
0.010069000005722046,163,
0.010074000120162964,168,
0.010078000068664552,179,
0.010082000017166137,187,
0.010085999965667725,193,
0.010089999914169312,197,
0.010094000101089478,204,
0.010098000049591065,211,
0.01010199999809265,214,
0.010107000112533569,217,
0.010111000061035156,221,
0.010115000009536744,228,
0.01011899995803833,230,
0.010122999906539917,230,
0.010127000093460082,234,
0.01013100004196167,238,
0.010134999990463257,241,
0.010138999938964844,240,
0.010144000053405761,243,
0.010148000001907348,247,
0.010151999950408936,248,
0.010155999898910523,247,
0.01016100001335144,249,
0.01016599988937378,251,
0.010170000076293945,251,
0.010174000024795533,251,
0.010178999900817871,254,
0.010183000087738037,255,
0.010187000036239624,255,
0.010190999984741211,253,
0.010194999933242797,255,
0.010199000120162964,255,
0.010203999996185303,255,
0.01020799994468689,255,
0.010211999893188477,255,
0.010217000007629394,255,
0.010220999956130981,255,
0.010224999904632569,255,
0.010230000019073487,255,
0.010233999967575073,255,
0.01023799991607666,255,
0.010242000102996826,255,
0.010246000051498413,255,
0.010250999927520751,255,
0.01025600004196167,255,
0.010259999990463257,255,
0.010265000104904175,255,
0.010269000053405761,255,
0.010273000001907348,255,
0.010276999950408936,255,
0.010280999898910523,255,
0.01028600001335144,255,
0.010289999961853027,255,
0.010293999910354614,255,
0.01029800009727478,255,
0.010302000045776367,255,
0.010305999994277955,255,
0.01030999994277954,255,
0.010315000057220459,255,
0.010319000005722046,255,
0.010324000120162964,255,
0.01032800006866455,255,
0.010332000017166137,255,
0.010335999965667725,255,
0.010339999914169312,255,
0.010344000101089478,255,
0.010348000049591065,255,
0.010352999925613404,255,
0.01035700011253357,255,
0.010361000061035157,255,
0.010365000009536744,255,
0.01036899995803833,255,
0.010372999906539917,255,
0.010377000093460082,255,
0.010381999969482423,255,
0.010385999917984008,255,
0.010390000104904176,255,
0.010394000053405761,255,
0.010398000001907349,255,
0.010401999950408936,255,
0.010407000064849854,255,
0.01041100001335144,255,
0.010414999961853027,255,
0.010418999910354615,255,
0.01042300009727478,255,
0.010427000045776368,255,
0.010431999921798706,255,
0.010436000108718872,255,
0.010440000057220459,255,
0.010444000005722046,255,
0.010447999954223634,255,
0.01045199990272522,255,
0.010456000089645385,255,
0.010460999965667725,255,
0.010464999914169312,255,
0.010469000101089478,255,
0.010473000049591065,255,
0.010476999998092651,255,
0.010480999946594238,255,
0.010486000061035157,255,
0.010490000009536744,255,
0.01049399995803833,255,
0.010497999906539917,255,
0.010502000093460083,255,
0.01050600004196167,255,
0.010510999917984008,255,
0.010515000104904176,255,
0.010519000053405761,255,
0.010523000001907349,255,
0.010526999950408936,255,
0.010530999898910522,255,
0.010535000085830689,255,
0.010539000034332275,255,
0.010542999982833862,255,
0.01054699993133545,255,
0.010552000045776368,255,
0.010555999994277953,255,
0.01055999994277954,255,
0.010563999891281128,255,
0.010568000078201294,255,
0.010572999954223632,255,
0.01057800006866455,255,
0.01058299994468689,255,
0.010586999893188476,255,
0.010592000007629394,255,
0.010595999956130982,255,
0.010599999904632569,255,
0.010604000091552735,255,
0.010608000040054322,255,
0.010611999988555908,255,
0.010617000102996826,255,
0.010621000051498413,255,
0.010625,255,
0.010628999948501586,255,
0.010632999897003174,255,
0.01063700008392334,255,
0.01064199995994568,255,
0.010645999908447265,255,
0.010650000095367432,255,
0.010654000043869018,255,
0.010657999992370605,255,
0.010663000106811524,255,
0.010667000055313111,255,
0.010671000003814697,255,
0.010674999952316284,255,
0.010678999900817871,255,
0.010683000087738037,255,
0.010687999963760375,255,
0.010691999912261963,255,
0.010696000099182128,255,
0.010700000047683716,255,
0.010704999923706054,255,
0.010709000110626221,255,
0.010713000059127807,255,
0.010717000007629394,255,
0.010722000122070313,255,
0.0107260000705719,255,
0.010730000019073486,255,
0.010733999967575073,255,
0.010739000082015992,255,
0.010743000030517579,255,
0.010746999979019164,255,
0.010752000093460083,255,
0.01075600004196167,255,
0.010759999990463258,255,
0.010763999938964843,255,
0.01076800012588501,255,
0.010773000001907349,255,
0.010776999950408936,255,
0.010780999898910522,255,
0.01078500008583069,255,
0.010789000034332275,255,
0.010795000076293946,255,
0.010799999952316284,255,
0.010803999900817872,255,
0.010809999942779541,251,
0.010813999891281128,254,
0.010818000078201294,255,
0.010822999954223632,251,
0.01082800006866455,254,
0.010832000017166138,255,
0.010835999965667725,254,
0.010839999914169311,253,
0.01084500002861023,253,
0.010848999977111817,255,
0.010852999925613404,253,
0.01085700011253357,250,
0.010861000061035157,252,
0.010865999937057495,254,
0.010870000123977661,252,
0.010874000072479248,252,
0.010878000020980836,252,
0.010881999969482421,253,
0.01088700008392334,251,
0.010891000032424927,251,
0.010894999980926514,253,
0.0108989999294281,253,
0.010904000043869018,252,
0.010907999992370606,250,
0.010911999940872193,254,
0.010915999889373779,255,
0.010920000076293946,255,
0.010924000024795532,252,
0.010928999900817872,254,
0.010933000087738037,253,
0.010937000036239625,254,
0.010941999912261963,250,
0.010946000099182129,254,
0.010950000047683716,254,
0.010953999996185303,251,
0.010957999944686889,250,
0.010963000059127807,255,
0.010967000007629395,255,
0.010970999956130982,253,
0.010976000070571899,254,
0.010980000019073486,255,
0.010986000061035157,255,
0.010990999937057495,254,
0.010995000123977661,255,
0.011,255,
0.011003999948501587,255,
0.011007999897003174,254,
0.011013000011444092,255,
0.011016999959945678,255,
0.011020999908447265,255,
0.011026000022888184,255,
0.011030999898910522,255,
0.01103600001335144,255,
0.011039999961853028,252,
0.011043999910354613,254,
0.01104800009727478,255,
0.011052999973297119,254,
0.011056999921798706,252,
0.011061000108718872,253,
0.01106599998474121,255,
0.011069999933242798,251,
0.011074000120162963,251,
0.011078999996185303,253,
0.011082999944686889,255,
0.011088000059127807,253,
0.011092000007629395,250,
0.011097000122070313,255,
0.011101000070571899,255,
0.011105000019073486,252,
0.011109999895095824,251,
0.011114000082015992,255,
0.011118000030517577,255,
0.011122999906539918,253,
0.011127000093460083,255,
0.01113100004196167,255,
0.011134999990463256,255,
0.011140000104904174,255,
0.011144000053405762,255,
0.01114800000190735,255,
0.011151999950408935,255,
0.011157000064849853,255,
0.01116100001335144,255,
0.011164999961853028,255,
0.011168999910354614,255,
0.011173000097274781,255,
0.011177000045776367,255,
0.011181999921798707,255,
0.011186000108718872,255,
0.01119099998474121,255,
0.011194999933242798,255,
0.011199000120162964,255,
0.011203000068664551,255,
0.01120900011062622,255,
0.011213000059127808,255,
0.011217000007629395,255,
0.011222000122070313,255,
0.011226999998092652,255,
0.011230999946594239,255,
0.011234999895095825,255,
0.011239000082015992,255,
0.011243000030517578,255,
0.011247999906539918,255,
0.011252000093460083,255,
0.01125600004196167,255,
0.011259999990463256,255,
0.011263999938964844,255,
0.011269000053405762,255,
0.01127300000190735,255,
0.011278000116348266,255,
0.011282999992370606,255,
0.011288000106811523,255,
0.01129200005531311,255,
0.011296000003814697,255,
0.011301000118255616,255,
0.011305999994277954,255,
0.011311000108718872,255,
0.01131599998474121,255,
0.011319999933242798,255,
0.011325000047683716,255,
0.011329999923706055,255,
0.01133400011062622,255,
0.011338000059127808,255,
0.011342999935150146,255,
0.011347000122070312,255,
0.011351999998092652,255,
0.011355999946594239,255,
0.011359999895095825,255,
0.011364000082015992,255,
0.01136899995803833,255,
0.011372999906539918,255,
0.011377000093460083,255,
0.011381999969482422,255,
0.01138700008392334,255,
0.011391999959945678,255,
0.011395999908447266,255,
0.011401000022888184,255,
0.01140499997138977,255,
0.011408999919891357,255,
0.011413000106811523,255,
0.01141700005531311,255,
0.011421999931335448,255,
0.011426000118255616,255,
0.011430000066757201,255,
0.011434000015258789,255,
0.011437999963760376,255,
0.011443000078201294,255,
0.01144700002670288,255,
0.011450999975204467,255,
0.011454999923706055,255,
0.011460000038146973,255,
0.011463999986648559,255,
0.011467999935150146,255,
0.011472000122070312,255,
0.011476000070571899,255,
0.011480999946594237,255,
0.011484999895095825,255,
0.01148900008201599,255,
0.01149399995803833,255,
0.011497999906539918,255,
0.011502000093460083,255,
0.011506000041961669,255,
0.011509999990463256,255,
0.011515000104904175,255,
0.011519000053405762,255,
0.011523000001907348,255,
0.011526999950408935,255,
0.011530999898910523,255,
0.011535000085830688,255,
0.011539000034332276,255,
0.011542999982833863,255,
0.01154800009727478,255,
0.011552000045776367,255,
0.011555999994277954,255,
0.011561000108718873,255,
0.011565000057220458,255,
0.011569000005722046,255,
0.011572999954223633,255,
0.01157699990272522,255,
0.011582000017166137,255,
0.011585999965667724,255,
0.011589999914169312,255,
0.011594000101089477,255,
0.011598000049591065,255,
0.011602999925613403,255,
0.011607000112533569,255,
0.011611000061035156,255,
0.011615000009536743,255,
0.01161899995803833,255,
0.011624000072479247,255,
0.011628000020980835,255,
0.011631999969482422,255,
0.01163599991798401,255,
0.011640000104904175,255,
0.011644999980926513,255,
0.011650000095367432,255,
0.01165499997138977,255,
0.011658999919891357,255,
0.011663000106811523,255,
0.011667999982833863,255,
0.011671999931335449,255,
0.011676000118255616,255,
0.011680000066757202,255,
0.011684000015258789,255,
0.011687999963760376,255,
0.011691999912261964,255,
0.01169600009918213,255,
0.011700000047683717,255,
0.011703999996185302,255,
0.01170799994468689,255,
0.011711999893188477,255,
0.011716000080108643,255,
0.01172000002861023,255,
0.011724999904632568,255,
0.011729000091552734,255,
0.011733000040054321,255,
0.011736999988555909,255,
0.011740999937057494,255,
0.011745000123977662,255,
0.011749000072479247,255,
0.011753999948501587,255,
0.011757999897003173,255,
0.01176200008392334,255,
0.011766000032424926,255,
0.011769999980926513,255,
0.0117739999294281,255,
0.011778000116348266,255,
0.011782999992370605,255,
0.011786999940872192,255,
0.01179099988937378,255,
0.011795000076293945,255,
0.011799000024795532,255,
0.01180299997329712,255,
0.011806999921798705,255,
0.011812000036239624,255,
0.011815999984741211,255,
0.011819999933242798,255,
0.011824000120162964,255,
0.011828000068664551,255,
0.011832000017166137,255,
0.011835999965667724,255,
0.011839999914169312,255,
0.01184500002861023,255,
0.011848999977111816,255,
0.011854000091552734,255,
0.011858000040054321,255,
0.011861999988555909,255,
0.011865999937057494,255,
0.011870000123977662,255,
0.011875,255,
0.011878999948501587,255,
0.011882999897003173,255,
0.01188700008392334,255,
0.011891000032424926,255,
0.011895999908447266,255,
0.011900000095367432,255,
0.01190400004386902,255,
0.011907999992370605,255,
0.011913000106811523,255,
0.01191700005531311,255,
0.011921000003814698,255,
0.011924999952316283,255,
0.011930000066757202,255,
0.01193400001525879,255,
0.011937999963760377,255,
0.011943000078201293,255,
0.01194700002670288,255,
0.011950999975204468,255,
0.011956000089645386,255,
0.011960000038146972,255,
0.011964999914169312,255,
0.011969000101089478,255,
0.011973000049591065,255,
0.01197699999809265,255,
0.011982000112533569,255,
0.011986000061035156,255,
0.011990000009536744,255,
0.011993999958038331,255,
0.011997999906539917,255,
0.012002000093460082,255,
0.01200600004196167,255,
0.01201099991798401,255,
0.012015000104904175,255,
0.012019000053405761,255,
0.012023000001907348,255,
0.012026999950408936,255,
0.012032000064849854,255,
0.01203600001335144,255,
0.012039999961853027,255,
0.012043999910354614,255,
0.012049000024795533,255,
0.01205299997329712,255,
0.012056999921798706,255,
0.012061000108718871,255,
0.012065000057220459,255,
0.012069000005722046,255,
0.012072999954223633,255,
0.01207800006866455,255,
0.012082000017166137,255,
0.012085999965667725,255,
0.012089999914169312,255,
0.012094000101089478,255,
0.012098000049591065,255,
0.01210199999809265,255,
0.012105999946594238,255,
0.012109999895095825,255,
0.012115000009536744,255,
0.01211899995803833,255,
0.012122999906539917,255,
0.012127000093460082,255,
0.01213100004196167,255,
0.012134999990463257,255,
0.012138999938964844,255,
0.012144000053405761,255,
0.012148000001907348,255,
0.012151999950408936,255,
0.012155999898910523,255,
0.012160000085830689,255,
0.012164000034332276,255,
0.012167999982833862,255,
0.012171999931335449,255,
0.012177000045776367,255,
0.012180999994277955,255,
0.01218499994277954,255,
0.012188999891281128,255,
0.012193000078201293,255,
0.01219700002670288,255,
0.012200999975204468,255,
0.012204999923706055,255,
0.012210000038146972,255,
0.01221399998664856,255,
0.012217999935150147,255,
0.012222000122070312,255,
0.0122260000705719,255,
0.012230000019073487,255,
0.012233999967575073,255,
0.01223799991607666,255,
0.012242000102996826,255,
0.012246000051498413,255,
0.012250999927520751,255,
0.012255000114440919,255,
0.012259000062942504,255,
0.013301000118255616,222,
0.013305000066757201,212,
0.013309000015258789,209,
0.013312999963760376,211,
0.013318000078201294,212,
0.01332200002670288,211,
0.013325999975204467,214,
0.013331000089645386,221,
0.013335000038146973,220,
0.01333899998664856,221,
0.013342999935150146,227,
0.013348000049591064,233,
0.013351999998092652,237,
0.01335700011253357,236,
0.013361000061035156,239,
0.013365000009536743,246,
0.013370000123977661,245,
0.013374000072479249,244,
0.013378000020980834,249,
0.013382999897003174,254,
0.01338700008392334,255,
0.013391000032424927,252,
0.013395999908447266,255,
0.013400000095367431,255,
0.013404000043869019,255,
0.013408999919891357,255,
0.013413000106811523,255,
0.01341700005531311,255,
0.013421000003814697,255,
0.013426000118255616,255,
0.013430000066757201,255,
0.013434000015258789,255,
0.013437999963760376,255,
0.013441999912261964,255,
0.01344600009918213,255,
0.013450999975204467,255,
0.013454999923706055,255,
0.01345900011062622,255,
0.013463000059127808,255,
0.013467999935150146,255,
0.013472000122070312,255,
0.0134760000705719,255,
0.013480000019073487,255,
0.013484999895095825,255,
0.01348900008201599,255,
0.013493000030517578,255,
0.013496999979019165,255,
0.013500999927520753,255,
0.01350600004196167,255,
0.013509999990463257,255,
0.013513999938964844,255,
0.01351800012588501,255,
0.013522000074386597,255,
0.013526999950408935,255,
0.013530999898910523,255,
0.013535000085830688,255,
0.013539000034332276,255,
0.013542999982833863,255,
0.01354800009727478,255,
0.013552000045776367,255,
0.013555999994277954,255,
0.013559999942779542,255,
0.013563999891281127,255,
0.013568000078201295,255,
0.013572999954223633,255,
0.01357699990272522,255,
0.013581000089645386,255,
0.013585000038146973,255,
0.013589999914169312,255,
0.013594000101089477,255,
0.013598000049591065,255,
0.013601999998092652,255,
0.013605999946594238,255,
0.013611000061035156,255,
0.013615000009536743,255,
0.013620000123977662,255,
0.013625,255,
0.013628999948501587,255,
0.013632999897003175,255,
0.01363700008392334,255,
0.013641000032424926,255,
0.013644999980926513,255,
0.0136489999294281,255,
0.013654000043869019,255,
0.013657999992370605,255,
0.013661999940872192,255,
0.01366599988937378,255,
0.013670000076293945,255,
0.013674000024795532,255,
0.01367799997329712,255,
0.013681999921798705,255,
0.013686000108718873,255,
0.013690000057220458,255,
0.013694000005722046,255,
0.013700999975204468,255,
0.013704999923706055,255,
0.01370900011062622,255,
0.013713000059127808,255,
0.013717999935150146,255,
0.013722000122070312,255,
0.0137260000705719,255,
0.013730000019073487,255,
0.013733999967575074,255,
0.01373799991607666,255,
0.013742000102996825,255,
0.013746000051498413,255,
0.01375,255,
0.013755000114440918,255,
0.013759000062942504,255,
0.013763000011444091,255,
0.013766999959945679,255,
0.013770999908447266,255,
0.013775000095367432,255,
0.013779000043869019,255,
0.013782999992370605,255,
0.013786999940872192,255,
0.01379200005531311,255,
0.013796000003814698,255,
0.013799999952316283,255,
0.01380399990081787,255,
0.013808000087738036,255,
0.013812000036239624,255,
0.013816999912261962,255,
0.01382100009918213,255,
0.013825999975204468,255,
0.013829999923706055,255,
0.01383400011062622,255,
0.013838000059127808,255,
0.013842000007629394,255,
0.013845999956130981,255,
0.013849999904632568,255,
0.013854000091552734,255,
0.013858999967575072,255,
0.01386299991607666,255,
0.013867000102996825,255,
0.013871000051498413,255,
0.013877000093460084,255,
0.01388100004196167,255,
0.013884999990463257,255,
0.013888999938964844,255,
0.01389300012588501,255,
0.013897000074386597,255,
0.013901999950408936,255,
0.013905999898910523,255,
0.013910000085830689,255,
0.013914000034332276,255,
0.013917999982833862,255,
0.01392300009727478,255,
0.013927000045776367,255,
0.013930999994277955,255,
0.01393499994277954,255,
0.013940000057220459,255,
0.013944000005722046,255,
0.013947999954223633,255,
0.013951999902725219,255,
0.013956000089645386,255,
0.013960000038146972,255,
0.01396399998664856,255,
0.013969000101089478,255,
0.013973000049591065,255,
0.01397699999809265,255,
0.013980999946594238,255,
0.013986000061035156,255,
0.013990000009536744,255,
0.013995000123977662,255,
0.013999000072479248,255,
0.014003000020980835,255,
0.014006999969482422,255,
0.014010999917984008,255,
0.014016000032424926,255,
0.014019999980926514,255,
0.014023999929428101,255,
0.014028000116348267,255,
0.014032000064849854,255,
0.01403600001335144,255,
0.014039999961853027,255,
0.014043999910354614,255,
0.01404800009727478,255,
0.014052000045776367,255,
0.014056999921798706,255,
0.014061000108718871,255,
0.014065000057220459,255,
0.014069000005722046,255,
0.014072999954223633,255,
0.014076999902725219,255,
0.014081000089645386,255,
0.014085000038146972,255,
0.014089999914169312,255,
0.014094000101089478,255,
0.014098000049591065,255,
0.01410199999809265,255,
0.014105999946594238,255,
0.014109999895095825,255,
0.014115000009536744,255,
0.01411899995803833,255,
0.014122999906539917,255,
0.014127000093460082,255,
0.01413100004196167,255,
0.014134999990463257,255,
0.014138999938964844,255,
0.01414300012588501,255,
0.014147000074386597,255,
0.014151000022888183,255,
0.014155999898910523,255,
0.014160000085830689,255,
0.014164000034332276,255,
0.014167999982833862,255,
0.014171999931335449,255,
0.014176000118255615,255,
0.014180999994277955,255,
0.014186000108718871,255,
0.014190000057220459,255,
0.014194000005722046,255,
0.014199000120162964,255,
0.01420300006866455,255,
0.014207000017166137,255,
0.014210999965667725,255,
0.014216000080108643,255,
0.014220999956130981,255,
0.01422699999809265,255,
0.014230999946594238,255,
0.014236000061035156,255,
0.014240000009536744,255,
0.01424399995803833,255,
0.014247999906539917,255,
0.014252000093460082,255,
0.01425600004196167,255,
0.014260999917984008,255,
0.014265000104904176,255,
0.014269000053405761,255,
0.014273000001907349,255,
0.014276999950408936,255,
0.014280999898910523,255,
0.014285000085830689,255,
0.014289999961853027,255,
0.014293999910354615,255,
0.01429800009727478,255,
0.014302000045776368,255,
0.014305999994277955,255,
0.01430999994277954,255,
0.014313999891281128,255,
0.014318000078201294,255,
0.014322999954223634,255,
0.01432699990272522,255,
0.014331000089645387,255,
0.014335000038146972,255,
0.01433899998664856,255,
0.014342999935150147,255,
0.014348000049591065,255,
0.014351999998092651,255,
0.014355999946594238,255,
0.014359999895095826,255,
0.014364000082015991,255,
0.014368000030517579,255,
0.014372999906539917,255,
0.014377000093460083,255,
0.01438100004196167,255,
0.014384999990463257,255,
0.014390000104904176,255,
0.014394000053405761,255,
0.014398000001907349,255,
0.014401999950408936,255,
0.014405999898910522,255,
0.014410000085830689,255,
0.014414999961853027,255,
0.014418999910354615,255,
0.014424000024795533,255,
0.014427999973297119,255,
0.014433000087738037,255,
0.014437000036239624,255,
0.014441999912261963,255,
0.014446000099182128,255,
0.014450000047683716,255,
0.014453999996185303,255,
0.014459000110626221,255,
0.014463000059127807,255,
0.014467000007629394,255,
0.014470999956130982,255,
0.014474999904632569,255,
0.014479000091552735,255,
0.014483999967575073,255,
0.01448799991607666,255,
0.014493000030517579,255,
0.014496999979019164,255,
0.014500999927520752,255,
0.014505000114440917,255,
0.014509000062942505,255,
0.014513999938964843,255,
0.01451800012588501,255,
0.014522000074386596,255,
0.014526000022888183,255,
0.01452999997138977,255,
0.014533999919891358,255,
0.014538000106811524,255,
0.014542000055313111,255,
0.014546000003814697,255,
0.014551000118255615,255,
0.014555000066757202,255,
0.01455900001525879,255,
0.014562999963760375,255,
0.014568000078201294,255,
0.014572000026702881,255,
0.014575999975204468,255,
0.014579999923706054,255,
0.014585000038146972,255,
0.01458899998664856,255,
0.014592999935150147,255,
0.014597000122070313,255,
0.0146010000705719,255,
0.014605000019073486,255,
0.014609999895095826,255,
0.014614000082015991,255,
0.014618000030517579,255,
0.014621999979019164,255,
0.014625999927520752,255,
0.014630000114440917,255,
0.014634000062942505,255,
0.014638000011444092,255,
0.01464199995994568,255,
0.0146489999294281,255,
0.014653000116348267,255,
0.014657000064849853,255,
0.01466100001335144,255,
0.014665999889373778,255,
0.014670000076293946,255,
0.014674000024795531,255,
0.014677999973297119,255,
0.014681999921798706,255,
0.014686000108718872,255,
0.01469000005722046,255,
0.014694999933242798,255,
0.014699000120162963,255,
0.01470300006866455,255,
0.014707000017166138,255,
0.014710999965667725,255,
0.014714999914169311,255,
0.014719000101089478,255,
0.014723000049591064,255,
0.014727999925613404,255,
0.01473200011253357,255,
0.014736000061035157,255,
0.014740999937057495,255,
0.014745000123977661,255,
0.014749000072479248,255,
0.014753999948501587,255,
0.014759000062942505,255,
0.014763999938964843,255,
0.014769000053405762,255,
0.014778000116348267,255,
0.014782999992370606,255,
0.014786999940872193,255,
0.01479200005531311,255,
0.014796000003814697,255,
0.014799999952316284,255,
0.014805000066757203,255,
0.014809000015258788,255,
0.014812999963760376,255,
0.014816999912261963,255,
0.014821000099182129,255,
0.014825000047683716,255,
0.014828999996185303,255,
0.014832999944686889,255,
0.014838000059127807,255,
0.014842000007629395,255,
0.014845999956130982,255,
0.014849999904632568,255,
0.014854000091552735,255,
0.01485800004005432,255,
0.01486299991607666,255,
0.014867000102996826,255,
0.014871000051498414,255,
0.014875,255,
0.014878999948501587,255,
0.014884000062942505,255,
0.014888000011444092,255,
0.014891999959945678,255,
0.014895999908447265,255,
0.014901000022888184,255,
0.014904999971389771,255,
0.014908999919891357,255,
0.014913000106811524,255,
0.01491700005531311,255,
0.014921000003814697,255,
0.014924999952316284,255,
0.014928999900817872,255,
0.014933000087738037,255,
0.014937000036239625,255,
0.014941999912261963,255,
0.014946000099182129,255,
0.014950000047683716,255,
0.014953999996185303,255,
0.014957999944686889,255,
0.014963000059127807,255,
0.014967000007629395,255,
0.014970999956130982,255,
0.014974999904632568,255,
0.014979000091552735,255,
0.014983999967575073,255,
0.01498799991607666,255,
0.014992000102996826,255,
0.014996000051498414,255,
0.015,255,
0.015003999948501587,255,
0.015007999897003174,255,
0.01501200008392334,255,
0.015016000032424927,255,
0.015020999908447265,255,
0.015025000095367431,255,
0.015029000043869018,255,
0.015032999992370606,255,
0.015036999940872193,255,
0.01504200005531311,255,
0.015046000003814697,255,
0.015049999952316285,255,
0.015053999900817872,255,
0.015058000087738038,255,
0.015062000036239625,255,
0.015066999912261963,255,
0.015071000099182129,255,
0.015075000047683716,255,
0.015078999996185304,255,
0.01508299994468689,255,
0.015086999893188477,255,
0.015091000080108642,255,
0.01509500002861023,255,
0.015098999977111817,255,
0.015104000091552734,255,
0.015108000040054321,255,
0.015111999988555908,255,
0.015115999937057496,255,
0.015121000051498414,255,
0.015125,255,
0.015128999948501587,255,
0.015132999897003174,255,
0.01513700008392334,255,
0.015141000032424927,255,
0.015145999908447266,255,
0.015150000095367431,255,
0.015154000043869019,255,
0.015157999992370606,255,
0.015161999940872192,255,
0.015165999889373779,255,
0.015170000076293945,255,
0.015174000024795532,255,
0.01517899990081787,255,
0.015183000087738038,255,
0.015187000036239623,255,
0.01519099998474121,255,
0.015194999933242798,255,
0.015199000120162964,255,
0.015203000068664551,255,
0.01520799994468689,255,
0.015211999893188477,255,
0.015216000080108642,255,
0.01522000002861023,255,
0.015223999977111817,255,
0.015229000091552734,255,
0.015233000040054321,255,
0.015236999988555908,255,
0.015240999937057496,255,
0.015246000051498412,255,
0.01525,255,
0.015253999948501587,255,
0.015257999897003174,255,
0.01526200008392334,255,
0.015266000032424927,255,
0.015269999980926513,255,

0.015390000104904175,255,
0.015394999980926513,255,
0.0153989999294281,255,
0.015404000043869019,255,
0.015407999992370606,255,
0.015411999940872192,255,
0.01541599988937378,255,
0.015420000076293945,255,
0.015424000024795532,255,
0.01542799997329712,255,
0.015431999921798707,255,
0.015436000108718873,255,
0.015440000057220458,255,
0.015444000005722045,255,
0.015449000120162964,255,
0.015453000068664551,255,
0.015457000017166139,255,
0.015460999965667724,255,
0.015464999914169312,255,
0.015469000101089477,255,
0.015473000049591065,255,
0.015477999925613403,255,
0.015482000112533569,255,
0.015486000061035156,255,
0.015490000009536743,255,
0.015495000123977662,255,
0.015499000072479247,255,
0.015503000020980835,255,
0.015506999969482422,255,
0.01551099991798401,255,
0.015515000104904175,255,
0.015519000053405762,255,
0.015523000001907348,255,
0.015528000116348266,255,
0.015532000064849854,255,
0.015536000013351441,255,
0.015539999961853027,255,
0.015543999910354614,255,
0.01554800009727478,255,
0.015552000045776367,255,
0.015555999994277954,255,
0.015561000108718873,255,
0.015565000057220458,255,
0.015569000005722046,255,
0.015572999954223633,255,
0.01557699990272522,255,
0.015581000089645386,255,
0.015585000038146973,255,
0.015588999986648559,255,
0.015592999935150146,255,
0.015598000049591065,255,
0.015601999998092652,255,
0.015605999946594238,255,
0.015609999895095825,255,
0.01561400008201599,255,
0.015618000030517578,255,
0.015621999979019165,255,
0.015625999927520753,255,
0.01563100004196167,255,
0.015634999990463257,255,
0.015638999938964844,255,
0.01564300012588501,255,
0.015647000074386595,255,
0.015651000022888183,255,
0.015655999898910523,255,
0.01566000008583069,255,
0.015664000034332274,255,
0.01566799998283386,255,
0.01567199993133545,255,
0.015676000118255616,255,
0.015680999994277953,255,
0.01568499994277954,255,
0.015688999891281127,255,
0.015693000078201295,255,
0.015697000026702882,255,
0.01570099997520447,255,
0.015704999923706053,255,
0.01570900011062622,255,
0.015713000059127808,255,
0.015717999935150148,255,
0.015722000122070312,255,
0.0157260000705719,255,
0.01573099994659424,255,
0.015734999895095827,255,
0.01573900008201599,255,
0.015743000030517578,255,
0.015746999979019165,255,
0.015750999927520753,255,
0.01575600004196167,255,
0.015759999990463257,255,
0.015763999938964844,255,
0.015768000125885008,255,
0.015772000074386595,255,
0.015776000022888183,255,
0.015780999898910523,255,
0.01578500008583069,255,
0.015789000034332274,255,
0.01579299998283386,255,
0.01579699993133545,255,
0.015801000118255616,255,
0.015805000066757204,255,
0.01580999994277954,255,
0.015813999891281127,255,
0.015818000078201295,255,
0.015822000026702882,255,
0.015825999975204466,255,
0.015829999923706053,255,
0.01583400011062622,255,
0.015838000059127808,255,
0.015842000007629396,255,
0.015847000122070312,255,
0.0158510000705719,255,
0.015855000019073487,255,
0.015858999967575074,255,
0.01586299991607666,255,
0.015867000102996826,255,
0.015871999979019166,255,
0.015875999927520753,255,
0.015880000114440917,255,
0.015884000062942504,255,
0.01588800001144409,255,
0.015893000125885008,255,
0.015897000074386596,255,
0.015901000022888183,255,
0.01590499997138977,255,
0.015908999919891358,255,
0.015913000106811525,255,
0.01591700005531311,255,
0.015921000003814696,255,
0.015924999952316284,255,
0.01592899990081787,255,
0.01593300008773804,255,
0.015937999963760375,255,
0.015941999912261962,255,
0.01594600009918213,255,
0.015950000047683717,255,
0.015954999923706054,255,
0.01595900011062622,255,
0.01596300005912781,255,
0.015967000007629396,255,
0.015972000122070312,255,
0.0159760000705719,255,
0.015980000019073487,255,
0.015983999967575074,255,
0.01598799991607666,255,
0.015992000102996826,255,
0.015996000051498413,255,
0.016,255,
0.016003999948501588,255,
0.016009000062942504,255,
0.01601300001144409,255,
0.01601699995994568,255,
0.016020999908447266,255,
0.01602500009536743,255,
0.016029000043869018,255,
0.016032999992370605,255,
0.016038000106811525,255,
0.01604200005531311,255,
0.016046000003814696,255,
0.016049999952316284,255,
0.01605399990081787,255,
0.01605800008773804,255,
0.016062000036239622,255,
0.01606599998474121,255,
0.01607100009918213,255,
0.016075000047683717,255,
0.016078999996185304,255,
0.01608299994468689,255,
0.016086999893188476,255,
0.016091000080108643,255,
0.016095999956130983,255,
0.016099999904632567,255,
0.016104000091552734,255,
0.016108000040054322,255,
0.01611199998855591,255,
0.016115999937057496,255,
0.01612000012397766,255,
0.016125,255,
0.016128999948501588,255,
0.016132999897003175,255,
0.01613700008392334,255,
0.016141000032424926,255,
0.016144999980926514,255,
0.01615000009536743,255,
0.016154000043869018,255,
0.016157999992370605,255,
0.016161999940872192,255,
0.01616599988937378,255,
0.016170000076293944,255,
0.016174999952316284,255,
0.01617899990081787,255,
0.01618300008773804,255,
0.016187000036239622,255,
0.01619099998474121,255,
0.016194999933242797,255,
0.016199000120162965,255,
0.0162039999961853,255,
0.01620799994468689,255,
0.016211999893188476,255,
0.016216000080108643,255,
0.01622000002861023,255,
0.016223999977111818,255,
0.016233000040054322,255,
0.01623699998855591,255,
0.016240999937057497,255,
0.01624500012397766,255,
0.016249000072479248,255,
0.016253999948501588,255,
0.016257999897003175,255,
0.01626200008392334,255,
0.016266000032424927,255,
0.016269999980926514,255,
0.01627500009536743,255,
0.016279000043869018,255,
0.016282999992370605,255,
0.016286999940872193,255,
0.016296000003814697,255,
0.016299999952316284,255,
0.01630399990081787,255,
0.016309000015258788,255,
0.016312999963760375,255,
0.016316999912261963,255,
0.01632100009918213,255,
0.016325000047683717,255,
0.016329999923706054,255,
0.01633400011062622,255,
0.01633800005912781,255,
0.016342000007629396,255,
0.016347000122070313,255,
0.0163510000705719,255,
0.016355000019073487,255,
0.016358999967575075,255,
0.01636299991607666,255,
0.016367000102996826,255,
0.016371000051498413,255,
0.016375,255,
0.016378999948501588,255,
0.016384000062942505,255,
0.016388000011444092,255,
0.01639199995994568,255,
0.016395999908447267,255,
0.016401000022888183,255,
0.01640499997138977,255,
0.016408999919891358,255,
0.016413000106811522,255,
0.016417999982833862,255,
0.01642199993133545,255,
0.016426000118255617,255,
0.0164300000667572,255,
0.016434000015258788,255,
0.016437999963760375,255,
0.016441999912261963,255,
0.01644600009918213,255,
0.016450999975204467,255,
0.016454999923706054,255,
0.01645900011062622,255,
0.01646300005912781,255,
0.016467000007629396,255,
0.01647099995613098,255,
0.016474999904632567,255,
0.016480000019073487,255,
0.016483999967575075,255,
0.01648799991607666,255,
0.016492000102996826,255,
0.016496000051498413,255,
0.016500999927520753,255,
0.016505000114440917,255,
0.016509000062942505,255,
0.016513000011444092,255,
0.01651699995994568,255,
0.016520999908447267,255,
0.01652500009536743,255,
0.016529000043869018,255,
0.016532999992370605,255,
0.016536999940872193,255,
0.01654200005531311,255,
0.016546000003814697,255,
0.016549999952316284,255,
0.01655399990081787,255,
0.016558000087738035,255,
0.016562999963760375,255,
0.016566999912261963,255,
0.01657100009918213,255,
0.016575000047683718,255,
0.016579999923706054,255,
0.01658400011062622,255,
0.01658800005912781,255,
0.016592000007629396,255,
0.01659599995613098,255,
0.0166010000705719,255,
0.016605000019073488,255,
0.016608999967575075,255,
0.01661299991607666,255,
0.016617000102996826,255,
0.016621000051498414,255,
0.016625,255,
0.016630000114440917,255,
0.016634000062942505,255,
0.016638000011444092,255,
0.01664199995994568,255,
0.016645999908447267,255,
0.01665000009536743,255,
0.01665499997138977,255,
0.016658999919891358,255,
0.016663000106811522,255,
0.016667999982833862,255,
0.01667199993133545,255,
0.016676000118255617,255,
0.0166800000667572,255,
0.016684000015258788,255,
0.016687999963760376,255,
0.016691999912261963,255,
0.01669600009918213,255,
0.016700000047683714,255,
0.0167039999961853,255,
0.01670799994468689,255,
0.016711999893188476,255,
0.016716000080108644,255,
0.01672099995613098,255,
0.016724999904632568,255,
0.016729000091552735,255,
0.016733000040054322,255,
0.01673699998855591,255,
0.016740999937057494,255,
0.016746000051498414,255,
0.01675,255,
0.01675399994850159,255,
0.016757999897003172,255,
0.01676200008392334,255,
0.016766000032424927,255,
0.016770999908447267,255,
0.01677500009536743,255,
0.01677900004386902,255,
0.016782999992370606,255,
0.016786999940872193,255,
0.01679099988937378,255,
0.016795000076293944,255,
0.01679900002479553,255,
0.01680299997329712,255,
0.016806999921798706,255,
0.016812000036239623,255,
0.01681599998474121,255,
0.016819999933242798,255,
0.016824000120162965,255,
0.016828000068664552,255,
0.016832000017166136,255,
0.016836999893188476,255,
0.016841000080108644,255,
0.01684500002861023,255,
0.016848999977111815,255,
0.016852999925613402,255,
0.016858000040054322,255,
0.01686199998855591,255,
0.016865999937057494,255,
0.01687000012397766,255,
0.01687400007247925,255,
0.016878000020980836,255,
0.016881999969482423,255,
0.01688700008392334,255,
0.016891000032424927,255,
0.016894999980926514,255,
0.016898999929428102,255,
0.016903000116348266,255,
0.016907999992370606,255,
0.016911999940872193,255,
0.01691599988937378,255,
0.016920000076293944,255,
0.016924000024795532,255,
0.01692799997329712,255,
0.016931999921798706,255,
0.01693600010871887,255,
0.016940000057220458,255,
0.016944000005722045,255,
0.016949000120162965,255,
0.01695300006866455,255,
0.016957000017166136,255,
0.016960999965667724,255,
0.01696499991416931,255,
0.01696900010108948,255,
0.016973000049591066,255,
0.01697699999809265,255,
0.01698200011253357,255,
0.016986000061035157,255,
0.016990000009536745,255,
0.01699500012397766,255,
0.01699900007247925,255,
0.017003000020980836,255,
0.017006999969482423,255,
0.017010999917984007,255,
0.017015000104904174,255,
0.017019000053405762,255,
0.01702300000190735,255,
0.017028000116348266,255,
0.017032000064849853,255,
0.01703600001335144,255,
0.017039999961853028,255,
0.017043999910354615,255,
0.01704800009727478,255,
0.017052000045776367,255,
0.017056999921798707,255,
0.01706100010871887,255,
0.017065000057220458,255,
0.017069000005722045,255,
0.017072999954223633,255,
0.01707699990272522,255,
0.017081000089645387,255,
0.017085999965667724,255,
0.01708999991416931,255,
0.01709400010108948,255,
0.017098000049591066,255,
0.01710199999809265,255,
0.01710700011253357,255,
0.017111000061035157,255,
0.017115000009536745,255,
0.01711899995803833,255,
0.017122999906539916,255,
0.017127000093460083,255,
0.017131999969482423,255,
0.017135999917984007,255,
0.017140000104904175,255,
0.017144000053405762,255,
0.01714800000190735,255,
0.017153000116348266,255,
0.017157000064849853,255,
0.01716100001335144,255,
0.017164999961853028,255,
0.017168999910354615,255,
0.01717300009727478,255,
0.017177000045776367,255,
0.017180999994277954,255,
0.01718499994277954,255,
0.01718899989128113,255,
0.017193000078201293,255,
0.01719700002670288,255,
0.01720199990272522,255,
0.017206000089645387,255,
0.01721000003814697,255,
0.01721399998664856,255,
0.017217999935150146,255,
0.017222000122070313,255,
0.01722699999809265,255,
0.017230999946594237,255,
0.017234999895095825,255,
0.017239000082015992,255,
0.01724300003051758,255,
0.017246999979019163,255,
0.017252000093460083,255,
0.01725600004196167,255,
0.017259999990463258,255,
0.017263999938964845,255,
0.01726800012588501,255,
0.017272000074386597,255,
0.017276000022888184,255,
0.01727999997138977,255,
0.017285000085830688,255,
0.017289000034332275,255,
0.017292999982833863,255,
0.01729699993133545,255,
0.017302000045776367,255,
0.017305999994277954,255,
0.01730999994277954,255,
0.01731399989128113,255,
0.017318000078201293,255,
0.01732200002670288,255,
0.01732699990272522,255,
0.017331000089645384,255,
0.017335999965667724,255,
0.01733999991416931,255,
0.01734400010108948,255,
0.017348000049591063,255,
0.01735199999809265,255,
0.017355999946594237,255,
0.017359999895095825,255,
0.017365000009536745,255,
0.01736899995803833,255,
0.017372999906539916,255,
0.017377000093460084,255,
0.017381999969482424,255,
0.017385999917984007,255,
0.017390000104904175,255,
0.017394000053405762,255,
0.01739800000190735,255,
0.017403000116348266,255,
0.017407000064849854,255,
0.01741100001335144,255,
0.017414999961853028,255,
0.017418999910354616,255,
0.017424000024795532,255,
0.01742799997329712,255,
0.017431999921798707,255,
0.01743600010871887,255,
0.017440000057220458,255,
0.017444999933242798,255,
0.017449000120162962,255,
0.01745300006866455,255,
0.017457000017166137,255,
0.017460999965667724,255,
0.01746499991416931,255,
0.017470000028610228,255,
0.017473999977111816,255,
0.017477999925613403,255,
0.01748200011253357,255,
0.017486000061035158,255,
0.01749000000953674,255,
0.01749500012397766,255,
0.01749900007247925,255,
0.017503000020980836,255,
0.01750699996948242,255,
0.01751200008392334,255,
0.017516000032424928,255,
0.017519999980926515,255,
0.0175239999294281,255,
0.017528000116348266,255,
0.017532000064849854,255,
0.01753600001335144,255,
0.017540999889373778,255,
0.017545000076293945,255,
0.017549000024795532,255,
0.01755299997329712,255,
0.017556999921798707,255,
0.01756100010871887,255,
0.01756500005722046,255,
0.017569000005722046,255,
0.017572999954223633,255,
0.01757800006866455,255,
0.017582000017166137,255,
0.017585999965667724,255,
0.01758999991416931,255,
0.01759500002861023,255,
0.017598999977111816,255,
0.017602999925613403,255,
0.01760700011253357,255,
0.017611000061035158,255,
0.01761500000953674,255,
0.01762000012397766,255,
0.01762400007247925,255,
0.017628000020980836,255,
0.01763199996948242,255,
0.017635999917984008,255,
0.017640000104904175,255,
0.017644000053405762,255,
0.01764800000190735,255,
0.017651999950408937,255,
0.01765599989891052,255,
0.01766000008583069,255,
0.01766499996185303,255,
0.017668999910354616,255,
0.01767300009727478,255,
0.017677000045776367,255,
0.017681999921798707,255,
0.01768600010871887,255,
0.01769000005722046,255,
0.017694000005722046,255,
0.017697999954223633,255,
0.01770300006866455,255,
0.017707000017166137,255,
0.017710999965667724,255,
0.017714999914169312,255,
0.01771900010108948,255,
0.017723000049591063,255,
0.01772699999809265,255,
0.017730999946594238,255,
0.017734999895095825,255,
0.017739000082015993,255,
0.01774399995803833,255,
0.017747999906539916,255,
0.017752000093460084,255,
0.01775699996948242,255,
0.017760999917984008,255,
0.017765000104904175,255,
0.017769000053405763,255,
0.01777300000190735,255,
0.017778000116348266,255,
0.017782000064849854,255,
0.01778600001335144,255,
0.01778999996185303,255,
0.017793999910354616,255,
0.01779800009727478,255,
0.017802000045776367,255,
0.017805999994277955,255,
0.017809999942779542,255,
0.01781500005722046,255,
0.017819000005722046,255,
0.017822999954223633,255,
0.01782699990272522,255,
0.017831000089645384,255,
0.017835999965667725,255,
0.017839999914169312,255,
0.017844000101089476,255,
0.017848000049591063,255,
0.01785199999809265,255,
0.017855999946594238,255,
0.017861000061035158,255,
0.017865000009536742,255,
0.01786899995803833,255,
0.017872999906539917,255,
0.017877000093460084,255,
0.01788100004196167,255,
0.017884999990463255,255,
0.017888999938964843,255,
0.01789300012588501,255,
0.01789800000190735,255,
0.017901999950408934,255,
0.01790599989891052,255,
0.01791100001335144,255,
0.01791499996185303,255,
0.017918999910354613,255,
0.017924000024795533,255,
0.01792799997329712,255,
0.017931999921798707,255,
0.01793600010871887,255,
0.01794000005722046,255,
0.0179449999332428,255,
0.017949000120162963,255,
0.01795300006866455,255,
0.017957000017166137,255,
0.017960999965667725,255,
0.017964999914169312,255,
0.017969000101089476,255,
0.017973999977111816,255,
0.017977999925613403,255,
0.01798200011253357,255,
0.017986000061035155,255,
0.017990999937057495,255,
0.017995000123977662,255,
0.01799900007247925,255,
0.018003000020980833,255,
0.01800699996948242,255,
0.018010999917984008,255,
0.018016000032424928,255,
0.018019999980926512,255,
0.0180239999294281,255,
0.018028000116348267,255,
0.018032000064849854,255,
0.01803600001335144,255,
0.01803999996185303,255,
0.018043999910354613,255,
0.01804800009727478,255,
0.01805299997329712,255,
0.018056999921798707,255,
0.01806100010871887,255,
0.01806500005722046,255,
0.018069000005722046,255,
0.018072999954223633,255,
0.01807699990272522,255,
0.018081000089645385,255,
0.018085000038146972,255,
0.01808899998664856,255,
0.018094000101089476,255,
0.018098000049591063,255,
0.01810199999809265,255,
0.01810700011253357,255,
0.018111000061035155,255,
0.018115000009536742,255,
0.01811899995803833,255,
0.018122999906539917,255,
0.018127000093460084,255,
0.01813100004196167,255,
0.018134999990463255,255,
0.018140000104904175,255,
0.018144000053405763,255,
0.01814800000190735,255,
0.018151999950408934,255,
0.01815599989891052,255,
0.01816000008583069,255,
0.018164000034332276,255,
0.018167999982833864,255,
0.01817300009727478,255,
0.018177000045776368,255,
0.018180999994277955,255,
0.018184999942779542,255,
0.01818899989128113,255,
0.018193000078201294,255,
0.01819700002670288,255,
0.01820199990272522,255,
0.018206000089645385,255,
0.018210000038146972,255,
0.01821399998664856,255,
0.018217999935150147,255,
0.01822200012207031,255,
0.018226000070571898,255,
0.018230999946594238,255,
0.018234999895095826,255,
0.01823900008201599,255,
0.018243000030517577,255,
0.018246999979019164,255,
0.01825099992752075,255,
0.01825500011444092,255,
0.018259999990463256,255,
0.018263999938964843,255,
0.01826800012588501,255,
0.018272000074386598,255,
0.018276000022888185,255,
0.01827999997138977,255,
0.018283999919891356,255,
0.018288000106811524,255,
0.01829200005531311,255,
0.018296999931335448,255,
0.018301000118255615,255,
0.018305000066757202,255,
0.01830900001525879,255,
0.018312999963760377,255,
0.018316999912261964,255,
0.01832200002670288,255,
0.01832599997520447,255,
0.018329999923706056,255,
0.018335000038146972,255,
0.01833899998664856,255,
0.018342999935150147,255,
0.01834700012207031,255,
0.0183510000705719,255,
0.018355000019073486,255,
0.018358999967575073,255,
0.01836400008201599,255,
0.018368000030517577,255,
0.018371999979019164,255,
0.01837599992752075,255,
0.01838000011444092,255,
0.018384000062942506,255,
0.018388999938964843,255,
0.01839300012588501,255,
0.018397000074386598,255,
0.018401000022888185,255,
0.01840499997138977,255,
0.01841000008583069,255,
0.018414000034332276,255,
0.018417999982833864,255,
0.018421999931335448,255,
0.018426000118255615,255,
0.018430999994277955,255,
0.018434999942779542,255,
0.018438999891281126,255,
0.018443000078201294,255,
0.01844700002670288,255,
0.01845099997520447,255,
0.018454999923706056,255,
0.01845900011062622,255,
0.01846399998664856,255,
0.018467999935150147,255,
0.01847200012207031,255,
0.0184760000705719,255,
0.018480000019073486,255,
0.018484999895095826,255,
0.01848900008201599,255,
0.018493000030517577,255,
0.018496999979019164,255,
0.018500999927520752,255,
0.01850600004196167,255,
0.018509999990463256,255,
0.018513999938964843,255,
0.01851800012588501,255,
0.018522000074386598,255,
0.018526000022888185,255,
0.01852999997138977,255,
0.01853500008583069,255,
0.018539000034332277,255,
0.018542999982833864,255,
0.018546999931335448,255,
0.018551000118255615,255,
0.018555999994277955,255,
0.018559999942779543,255,
0.018563999891281126,255,
0.018569000005722047,255,
0.018572999954223634,255,
0.01857699990272522,255,
0.018581000089645385,255,
0.018585000038146973,255,
0.018589999914169313,255,
0.018594000101089476,255,
0.018598000049591064,255,
0.01860199999809265,255,
0.01860599994659424,255,
0.018609999895095826,255,
0.018615000009536743,255,
0.01861899995803833,255,
0.018622999906539917,255,
0.018627000093460085,255,
0.01863100004196167,255,
0.018634999990463256,255,
0.018638999938964843,255,
0.018644000053405763,255,
0.018648000001907347,255,
0.018651999950408935,255,
0.018655999898910522,255,
0.018661000013351442,255,
0.018664999961853026,255,
0.018670000076293946,255,
0.018674000024795533,255,
0.01867899990081787,255,
0.018683000087738037,255,
0.018687000036239625,255,
0.018690999984741212,255,
0.0186949999332428,255,
0.018699000120162963,255,
0.01870300006866455,255,
0.018707000017166138,255,
0.018710999965667725,255,
0.018716000080108642,255,
0.01872000002861023,255,
0.018723999977111817,255,
0.018729000091552733,255,
0.01873300004005432,255,
0.018736999988555908,255,
0.018740999937057495,255,
0.018746000051498412,255,
0.01875,255,
0.018753999948501587,255,
0.018759000062942503,255,
0.01876300001144409,255,
0.018766999959945678,255,
0.018770999908447265,255,
0.018775000095367433,255,
0.01877900004386902,255,
0.018783999919891357,255,
0.018788000106811524,255,
0.01879299998283386,255,
0.018796999931335448,255,
0.018801000118255615,255,
0.018805000066757203,255,
0.01880900001525879,255,
0.018813999891281127,255,
0.018818000078201294,255,
0.018824000120162963,255,
0.01882800006866455,255,
0.018832000017166138,255,
0.018835999965667725,255,
0.018839999914169313,255,
0.01884500002861023,255,
0.018848999977111817,255,
0.018852999925613404,255,
0.018857000112533568,255,
0.018861000061035155,255,
0.018865999937057495,255,
0.018870000123977663,255,
0.018874000072479247,255,
0.018878000020980834,255,
0.01888199996948242,255,
0.01888599991798401,255,
0.018891000032424925,255,
0.018894999980926513,255,
0.0188989999294281,255,
0.018903000116348267,255,
0.018907000064849855,255,
0.01891100001335144,255,
0.01891599988937378,255,
0.018920000076293946,255,
0.018924000024795534,255,
0.018927999973297117,255,
0.018931999921798705,255,
0.018937000036239625,255,
0.018940999984741212,255,
0.0189449999332428,255,
0.018949000120162963,255,
0.018956000089645385,255,
0.018960999965667726,255,
0.018964999914169313,255,
0.018969000101089477,255,
0.018973999977111817,255,
0.018977999925613404,255,
0.018982000112533568,255,
0.018986999988555908,255,
0.018990999937057496,255,
0.018996000051498412,255,
0.019,255,
0.019003999948501587,255,
0.019007999897003174,255,
0.01901300001144409,255,
0.019016999959945678,255,
0.0190220000743866,255,
0.019026000022888182,255,
0.019030999898910522,255,
0.01903500008583069,255,
0.019039000034332277,255,
0.01904299998283386,255,
0.01904800009727478,255,
0.01905200004577637,255,
0.019056999921798705,255,
0.019061000108718872,255,
0.019065999984741212,255,
0.019069999933242796,255,
0.019075000047683716,255,
0.019078999996185304,255,
0.01908299994468689,255,
0.019088000059127808,255,
0.019092000007629395,255,
0.019095999956130982,255,
0.01909999990463257,255,
0.019104000091552734,255,
0.019108999967575074,255,
0.01911299991607666,255,
0.019117000102996825,255,
0.019121999979019165,255,
0.019125999927520752,255,
0.019130000114440916,255,
0.019134000062942504,255,
0.01913800001144409,255,
0.01914199995994568,255,
0.019145999908447266,255,
0.019151000022888182,255,
0.01915499997138977,255,
0.019158999919891357,255,
0.019163000106811524,255,
0.01916799998283386,255,
0.01917199993133545,255,
0.019176000118255616,255,
0.019180000066757203,255,
0.01918400001525879,255,
0.019188999891281127,255,
0.019193000078201294,255,
0.019197000026702882,255,
0.01920099997520447,255,
0.019204999923706053,255,
0.019210000038146973,255,
0.01921399998664856,255,
0.019219000101089477,255,
0.019223000049591064,255,
0.019226999998092652,255,
0.01923300004005432,255,
0.01923799991607666,255,
0.019242000102996825,255,
0.019246000051498412,255,
0.019250999927520752,255,
0.019255000114440916,255,
0.019259000062942504,255,
0.01926300001144409,255,
0.01926699995994568,255,
0.019272000074386595,255,
0.019276000022888182,255,
0.019280999898910522,255,
0.01928500008583069,255,
0.019289000034332274,255,
0.019293999910354614,255,
0.019301000118255616,255,
0.019305000066757203,255,
0.01930999994277954,255,
0.019313999891281127,255,
0.019318000078201295,255,
0.019322000026702882,255,
0.01932599997520447,255,
0.019329999923706053,255,
0.019335000038146973,255,
0.01933899998664856,255,
0.019342999935150148,255,
0.019348999977111817,255,
0.019354000091552734,255,
0.01935800004005432,255,
0.01936199998855591,255,
0.019365999937057496,255,
0.01937000012397766,255,
0.019374000072479247,255,
0.019378000020980835,255,
0.019382999897003175,255,
0.01938700008392334,255,
0.019391000032424926,255,
0.019394999980926513,255,
0.0193989999294281,255,
0.019403000116348268,255,
0.019407000064849852,255,
0.019411999940872192,255,
0.01941599988937378,255,
0.019420000076293947,255,
0.01942400002479553,255,
0.019427999973297118,255,
0.019431999921798705,255,
0.019437000036239625,255,
0.019440999984741213,255,
0.019444999933242797,255,
0.019449000120162964,255,
0.01945300006866455,255,
0.01945700001716614,255,
0.019461999893188475,255,
0.019466000080108643,255,
0.019470999956130983,255,
0.01947499990463257,255,
0.019479000091552734,255,
0.01948300004005432,255,
0.01948699998855591,255,
0.019490999937057496,255,
0.01949500012397766,255,
0.0195,255,
0.019503999948501587,255,
0.019507999897003175,255,
0.01951200008392334,255,
0.019516000032424926,255,
0.019520999908447266,255,
0.01952500009536743,255,
0.019529000043869017,255,
0.019532999992370605,255,
0.019536999940872192,255,
0.019542000055313112,255,
0.019546000003814696,255,
0.019549999952316283,255,
0.01955399990081787,255,
0.019558000087738038,255,
0.019562999963760375,255,
0.019566999912261962,255,
0.01957100009918213,255,
0.019575000047683717,255,
0.019578999996185304,255,
0.019582999944686888,255,
