0.01,151,
0.014,143,
0.018,143,
0.022,146,
0.027,145,
0.031,151,
0.035,148,
0.039,143,
0.043,147,
0.047,139,
0.052,147,
0.056,145,
0.06,148,
0.064,154,
0.068,146,
0.073,146,
0.077,149,
0.081,146,
0.085,154,
0.09,147,
0.094,147,
0.098,146,
0.102,147,
0.106,144,
0.111,149,
0.115,149,
0.119,145,
0.123,145,
0.127,142,
0.131,148,
0.135,147,
0.139,150,
0.143,146,
0.148,146,
0.152,145,
0.156,145,
0.161,143,
0.165,146,
0.169,147,
0.173,151,
0.177,146,
0.181,146,
0.185,155,
0.189,147,
0.193,143,
0.198,154,
0.202,142,
0.206,142,
0.21,145,
0.214,144,
0.218,141,
0.222,146,
0.226,142,
0.231,145,
0.235,143,
0.239,145,
0.243,149,
0.247,146,
0.251,142,
0.255,147,
0.259,147,
0.263,145,
0.267,149,
0.271,150,
0.275,144,
0.28,143,
0.284,148,
0.288,140,
0.292,148,
0.296,144,
0.3,146,
0.304,145,
0.308,146,
0.312,149,
0.316,146,
0.32,146,
0.325,143,
0.329,142,
0.333,143,
0.337,143,
0.341,144,
0.345,144,
0.349,144,
0.353,146,
0.357,147,
0.362,165,
0.366,145,
0.37,138,
0.374,147,
0.378,145,
0.382,141,
0.386,142,
0.39,145,
0.394,142,
0.399,147,
0.403,139,
0.407,145,
0.411,138,
0.415,141,
0.419,141,
0.423,144,
0.427,144,
0.432,141,
0.436,147,
0.44,144,
0.444,138,
0.448,141,
0.452,150,
0.456,156,
0.46,160,
0.464,160,
0.469,147,
0.473,144,
0.477,147,
0.481,143,
0.485,145,
0.489,146,
0.493,146,
0.497,137,
0.501,146,
0.505,146,
0.509,145,
0.513,148,
0.518,137,
0.522,137,
0.526,150,
0.53,147,
0.534,142,
0.539,143,
0.543,159,
0.547,127,
0.551,157,
0.556,143,
0.56,143,
0.564,145,
0.568,149,
0.573,146,
0.577,146,
0.581,147,
0.585,142,
0.589,146,
0.593,147,
0.597,144,
0.601,142,
0.606,143,
0.61,149,
0.614,141,
0.618,145,
0.622,142,
0.626,148,
0.63,147,
0.634,140,
0.638,137,
0.642,144,
0.646,145,
0.651,144,
0.655,145,
0.659,144,
0.663,143,
0.667,143,
0.671,143,
0.675,140,
0.679,138,
0.683,142,
0.687,143,
0.692,143,
0.696,146,
0.7,145,
0.704,152,
0.708,143,
0.712,142,
0.716,158,
0.72,144,
0.724,141,
0.728,138,
0.732,138,
0.736,141,
0.741,141,
0.745,139,
0.749,139,
0.753,141,
0.757,139,
0.761,144,
0.765,142,
0.769,140,
0.773,145,
0.778,145,
0.782,133,
0.786,143,
0.79,145,
0.794,135,
0.798,142,
0.802,142,
0.807,139,
0.811,139,
0.815,128,
0.819,147,
0.823,141,
0.827,142,
0.831,142,
0.835,142,
0.839,144,
0.843,141,
0.848,143,
0.852,139,
0.856,137,
0.86,143,
0.864,138,
0.868,140,
0.872,143,
0.876,143,
0.88,141,
0.884,141,
0.889,144,
0.893,146,
0.897,144,
0.901,138,
0.905,140,
0.909,145,
0.913,140,
0.917,144,
0.921,141,
0.925,143,
0.93,143,
0.934,139,
0.938,140,
0.942,141,
0.946,150,
0.95,139,
0.954,151,
0.959,141,
0.963,145,
0.967,142,
0.971,141,
0.975,139,
0.979,142,
0.983,142,
0.987,141,
0.991,145,
0.995,143,
1.0,144,
1.004,143,
1.008,141,
1.012,142,
1.016,138,
1.02,146,
1.024,145,
1.028,144,
1.032,140,
1.037,142,
1.041,138,
1.045,144,
1.049,144,
1.053,145,
1.057,146,
1.061,143,
1.065,146,
1.069,148,
1.073,147,
1.077,161,
1.081,144,
1.085,144,
1.09,141,
1.094,146,
1.098,143,
1.102,144,
1.106,145,
1.11,143,
1.114,144,
1.118,142,
1.122,144,
1.126,143,
1.13,142,
1.134,143,
1.139,146,
1.143,145,
1.147,143,
1.151,144,
1.155,146,
1.159,141,
1.163,146,
1.167,144,
1.171,144,
1.175,145,
1.179,144,
1.183,146,
1.187,144,
1.191,146,
1.196,146,
1.2,144,
1.204,144,
1.208,144,
1.212,148,
1.216,144,
1.22,145,
1.224,145,
1.229,146,
1.233,145,
1.237,146,
1.241,145,
1.245,147,
1.249,142,
1.253,145,
1.257,143,
1.261,144,
1.265,144,
1.269,143,
1.273,145,
1.278,144,
1.282,145,
1.286,143,
1.29,143,
1.294,142,
1.298,138,
1.302,142,
1.306,144,
1.31,138,
1.314,142,
1.319,141,
1.323,143,
1.327,145,
1.331,145,
1.335,148,
1.339,142,
1.343,141,
1.347,141,
1.351,140,
1.355,144,
1.359,138,
1.363,141,
1.367,144,
1.372,144,
1.376,144,
1.38,140,
1.384,142,
1.388,144,
1.392,144,
1.396,144,
1.4,145,
1.404,143,
1.408,144,
1.413,145,
1.417,141,
1.421,139,
1.425,145,
1.429,149,
1.433,148,
1.437,145,
1.441,145,
1.445,144,
1.449,147,
1.453,145,
1.457,145,
1.461,146,
1.466,145,
1.47,148,
1.474,145,
1.478,146,
1.482,145,
1.486,143,
1.49,147,
1.494,143,
1.498,143,
1.502,149,
1.506,146,
1.51,144,
1.514,144,
1.518,144,
1.523,148,
1.527,146,
1.531,149,
1.535,146,
1.539,147,
1.543,145,
1.547,147,
1.551,147,
1.555,146,
1.559,147,
1.563,145,
1.567,144,
1.572,147,
1.576,145,
1.58,144,
1.584,145,
1.588,149,
1.592,145,
1.596,146,
1.6,134,
1.604,151,
1.608,146,
1.612,153,
1.616,143,
1.621,142,
1.625,141,
1.629,138,
1.633,147,
1.637,146,
1.641,147,
1.645,146,
1.649,143,
1.653,147,
1.657,154,
1.661,143,
1.665,147,
1.669,145,
1.674,148,
1.678,146,
1.682,145,
1.686,144,
1.69,145,
1.694,144,
1.698,144,
1.702,145,
1.706,146,
1.71,146,
1.714,146,
1.718,143,
1.722,145,
1.727,146,
1.731,145,
1.735,145,
1.74,146,
1.744,144,
1.749,144,
1.753,149,
1.757,142,
1.761,144,
1.765,145,
1.769,144,
1.773,147,
1.777,150,
1.782,146,
1.786,149,
1.79,150,
1.794,152,
1.798,150,
1.802,146,
1.806,146,
1.81,147,
1.814,153,
1.818,146,
1.822,143,
1.826,141,
1.831,132,
1.835,137,
1.839,147,
1.843,146,
1.847,134,
1.851,147,
1.855,144,
1.859,144,
1.863,148,
1.867,138,
1.871,144,
1.875,143,
1.879,144,
1.883,146,
1.887,143,
1.891,144,
1.895,146,
1.899,145,
1.904,144,
1.908,144,
1.912,143,
1.916,141,
1.92,145,
1.924,147,
1.928,151,
1.932,146,
1.936,143,
1.94,145,
1.945,142,
1.949,143,
1.953,144,
1.957,146,
1.961,142,
1.965,139,
1.969,142,
1.973,149,
1.977,145,
1.981,146,
1.985,141,
1.989,144,
1.993,143,
1.997,142,
2.001,146,
2.005,145,
2.009,145,
2.013,138,
2.017,141,
2.021,149,
2.025,144,
2.03,146,
2.034,142,
2.038,147,
2.042,143,
2.046,148,
2.05,143,
2.054,140,
2.058,155,
2.062,142,
2.066,142,
2.07,138,
2.074,144,
2.078,144,
2.082,145,
2.086,146,
2.09,145,
2.095,142,
2.099,143,
2.103,146,
2.107,147,
2.111,140,
2.115,145,
2.119,140,
2.123,144,
2.127,144,
2.131,143,
2.135,145,
2.139,141,
2.143,141,
2.147,143,
2.151,142,
2.155,143,
2.159,142,
2.163,144,
2.167,144,
2.172,145,
2.176,143,
2.18,142,
2.184,142,
2.188,143,
2.192,143,
2.196,141,
2.2,144,
2.204,144,
2.208,145,
2.212,145,
2.216,143,
2.22,144,
2.224,146,
2.228,145,
2.232,144,
2.236,143,
2.24,146,
2.244,144,
2.249,144,
2.253,144,
2.257,142,
2.261,146,
2.265,141,
2.269,142,
2.273,146,
2.277,140,
2.281,142,
2.285,140,
2.289,153,
2.293,142,
2.297,144,
2.301,142,
2.305,142,
2.309,144,
2.314,143,
2.318,148,
2.322,141,
2.326,144,
2.33,147,
2.334,142,
2.338,142,
2.342,144,
2.346,147,
2.35,143,
2.354,144,
2.358,135,
2.362,144,
2.366,143,
2.37,143,
2.374,143,
2.378,140,
2.382,143,
2.386,143,
2.39,144,
2.394,144,
2.399,140,
2.403,143,
2.407,139,
2.411,142,
2.415,143,
2.419,145,
2.423,145,
2.427,141,
2.431,149,
2.435,141,
2.439,145,
2.443,142,
2.447,143,
2.451,143,
2.455,143,
2.459,143,
2.463,144,
2.467,140,
2.471,143,
2.475,145,
2.48,142,
2.484,141,
2.488,146,
2.492,145,
2.496,143,
2.5,140,
2.504,133,
2.508,146,
2.512,148,
2.516,144,
2.52,147,
2.524,152,
2.528,140,
2.533,144,
2.537,142,
2.541,142,
2.545,141,
2.549,140,
2.553,141,
2.557,140,
2.561,144,
2.565,142,
2.569,141,
2.573,142,
2.577,142,
2.581,140,
2.585,143,
2.589,140,
2.593,142,
2.598,145,
2.602,141,
2.606,139,
2.61,137,
2.614,155,
2.618,145,
2.622,140,
2.626,143,
2.63,143,
2.634,145,
2.638,143,
2.642,127,
2.646,141,
2.65,143,
2.654,142,
2.658,144,
2.662,139,
2.666,139,
2.67,141,
2.674,143,
2.678,141,
2.683,145,
2.687,146,
2.691,144,
2.695,142,
2.699,140,
2.703,143,
2.707,143,
2.711,143,
2.715,137,
2.719,138,
2.723,140,
2.727,138,
2.731,141,
2.735,143,
2.739,143,
2.743,140,
2.747,142,
2.751,138,
2.755,146,
2.759,139,
2.764,137,
2.768,141,
2.772,141,
2.776,141,
2.78,143,
2.784,141,
2.788,139,
2.792,142,
2.796,143,
2.8,142,
2.804,141,
2.808,143,
2.812,142,
2.816,138,
2.82,139,
2.825,142,
2.829,140,
2.833,144,
2.837,141,
2.841,139,
2.845,143,
2.849,137,
2.853,142,
2.857,143,
2.861,143,
2.866,140,
2.87,140,
2.874,139,
2.878,140,
2.882,137,
2.886,142,
2.89,137,
2.894,141,
2.898,141,
2.902,142,
2.906,144,
2.91,143,
2.914,144,
2.918,143,
2.922,133,
2.926,141,
2.93,142,
2.934,143,
2.938,141,
2.942,141,
2.946,141,
2.95,139,
2.955,138,
2.959,144,
2.963,140,
2.967,137,
2.971,136,
2.975,141,
2.979,145,
2.983,144,
2.987,143,
2.991,143,
2.995,146,
2.999,144,
3.003,146,
3.007,143,
3.012,145,
3.016,146,
3.02,144,
3.024,166,
3.028,143,
3.032,145,
3.036,145,
3.04,148,
3.044,144,
3.048,144,
3.052,142,
3.056,144,
3.06,144,
3.064,144,
3.068,141,
3.072,139,
3.076,144,
3.081,169,
3.085,150,
3.089,165,
3.093,141,
3.097,143,
3.101,143,
3.105,146,
3.109,141,
3.113,146,
3.117,147,
3.121,144,
3.125,166,
3.129,142,
3.133,148,
3.137,142,
3.141,147,
3.145,143,
3.149,144,
3.154,140,
3.158,150,
3.162,144,
3.166,146,
3.17,144,
3.174,143,
3.178,148,
3.182,145,
3.186,144,
3.19,147,
3.194,142,
3.198,146,
3.202,146,
3.206,144,
3.21,144,
3.214,144,
3.218,149,
3.222,149,
3.226,145,
3.23,148,
3.235,144,
3.239,153,
3.243,150,
3.247,144,
3.251,145,
3.255,137,
3.259,142,
3.263,147,
3.267,144,
3.271,146,
3.275,147,
3.279,146,
3.283,148,
3.287,147,
3.291,149,
3.296,145,
3.3,147,
3.304,145,
3.308,146,
3.312,146,
3.316,145,
3.32,147,
3.324,150,
3.328,144,
3.332,143,
3.336,146,
3.34,150,
3.344,150,
3.348,147,
3.352,146,
3.356,157,
3.36,145,
3.364,145,
3.368,147,
3.373,146,
3.377,145,
3.381,147,
3.385,144,
3.389,146,
3.393,139,
3.397,143,
3.401,145,
3.405,146,
3.409,144,
3.414,150,
3.418,149,
3.422,148,
3.426,149,
3.43,149,
3.434,138,
3.438,156,
3.442,145,
3.446,143,
3.45,151,
3.454,147,
3.458,151,
3.462,149,
3.466,149,
3.47,145,
3.474,150,
3.478,147,
3.482,147,
3.486,149,
3.49,144,
3.494,148,
3.498,145,
3.502,145,
3.507,144,
3.511,146,
3.515,144,
3.519,145,
3.523,143,
3.527,144,
3.531,146,
3.535,143,
3.539,152,
3.543,144,
3.547,141,
3.551,151,
3.555,156,
3.559,147,
3.563,149,
3.567,145,
3.571,147,
3.575,142,
3.579,149,
3.583,146,
3.588,146,
3.592,149,
3.596,145,
3.6,147,
3.604,146,
3.608,144,
3.612,141,
3.616,147,
3.62,149,
3.624,145,
3.628,148,
3.632,146,
3.636,145,
3.64,151,
3.644,143,
3.648,144,
3.652,145,
3.656,144,
3.66,143,
3.664,146,
3.668,145,
3.672,139,
3.677,149,
3.681,145,
3.685,142,
3.689,145,
3.693,143,
3.697,143,
3.701,145,
3.705,144,
3.709,150,
3.713,145,
3.717,142,
3.721,142,
3.725,140,
3.729,140,
3.733,140,
3.737,134,
3.741,141,
3.745,142,
3.749,143,
3.754,151,
3.758,147,
3.762,146,
3.766,137,
3.77,141,
3.774,144,
3.778,142,
3.782,144,
3.786,143,
3.79,143,
3.794,140,
3.798,163,
3.802,143,
3.806,143,
3.81,145,
3.814,144,
3.818,144,
3.822,145,
3.826,142,
3.831,140,
3.835,144,
3.839,145,
3.843,163,
3.847,141,
3.851,154,
3.855,143,
3.859,143,
3.863,148,
3.867,146,
3.871,144,
3.875,144,
3.879,142,
3.883,145,
3.887,144,
3.891,144,
3.895,146,
3.899,149,
3.903,145,
3.908,142,
3.912,145,
3.916,146,
3.92,141,
3.924,144,
3.928,140,
3.932,145,
3.936,143,
3.94,143,
3.944,162,
3.948,141,
3.953,146,
3.957,146,
3.961,146,
3.965,139,
3.969,142,
3.973,148,
3.977,143,
3.981,146,
3.985,141,
3.989,155,
3.993,139,
3.997,143,
4.001,145,
4.005,144,
4.009,146,
4.013,143,
4.017,147,
4.022,143,
4.026,145,
4.03,147,
4.034,144,
4.038,144,
4.042,143,
4.046,147,
4.05,144,
4.054,148,
4.058,146,
4.062,147,
4.066,142,
4.07,147,
4.074,144,
4.078,147,
4.083,143,
4.087,148,
4.091,143,
4.095,145,
4.099,144,
4.103,146,
4.107,136,
4.111,146,
4.115,147,
4.119,146,
4.123,147,
4.127,145,
4.131,145,
4.135,139,
4.139,143,
4.143,143,
4.147,134,
4.151,147,
4.155,145,
4.159,147,
4.164,145,
4.168,150,
4.172,145,
4.176,146,
4.18,148,
4.184,146,
4.188,145,
4.192,143,
4.196,146,
4.2,144,
4.204,145,
4.208,139,
4.212,141,
4.216,144,
4.22,155,
4.224,141,
4.228,148,
4.232,144,
4.236,145,
4.24,157,
4.244,148,
4.249,147,
4.253,152,
4.257,144,
4.261,147,
4.265,147,
4.269,141,
4.273,147,
4.277,148,
4.281,145,
4.285,146,
4.289,147,
4.293,140,
4.297,145,
4.301,148,
4.305,144,
4.309,146,
4.313,144,
4.317,147,
4.322,148,
4.326,145,
4.33,149,
4.334,140,
4.338,152,
4.342,145,
4.346,146,
4.35,145,
4.354,147,
4.358,132,
4.362,146,
4.366,144,
4.37,144,
4.374,147,
4.378,149,
4.382,144,
4.386,147,
4.39,146,
4.394,150,
4.398,143,
4.403,143,
4.407,144,
4.411,145,
4.415,148,
4.419,147,
4.423,146,
4.427,146,
4.431,147,
4.435,147,
4.439,148,
4.443,145,
4.447,162,
4.451,151,
4.455,138,
4.459,144,
4.463,145,
4.467,155,
4.471,149,
4.475,144,
4.479,145,
4.484,147,
4.488,140,
4.492,133,
4.496,152,
4.5,145,
4.504,147,
4.508,148,
4.512,145,
4.516,144,
4.52,140,
4.524,144,
4.528,149,
4.532,141,
4.536,141,
4.54,145,
4.544,145,
4.548,139,
4.552,141,
4.556,137,
4.56,143,
4.565,141,
4.569,139,
4.573,142,
4.577,139,
4.581,144,
4.585,143,
4.589,173,
4.593,139,
4.597,143,
4.601,145,
4.605,146,
4.609,143,
4.613,143,
4.617,144,
4.622,148,
4.626,145,
4.63,148,
4.634,145,
4.638,142,
4.642,142,
4.646,143,
4.65,172,
4.654,145,
4.658,143,
4.662,144,
4.666,143,
4.67,146,
4.674,145,
4.678,145,
4.682,144,
4.686,143,
4.69,145,
4.694,145,
4.699,145,
4.703,144,
4.707,145,
4.711,142,
4.715,150,
4.719,145,
4.723,147,
4.727,146,
4.732,145,
4.736,145,
4.74,145,
4.744,141,
4.748,145,
4.752,144,
4.756,145,
4.76,144,
4.764,143,
4.768,143,
4.772,150,
4.776,146,
4.781,145,
4.785,144,
4.789,145,
4.793,147,
4.797,146,
4.801,141,
4.805,143,
4.809,147,
4.813,148,
4.817,144,
4.821,148,
4.825,144,
4.829,148,
4.833,143,
4.838,146,
4.842,147,
4.846,145,
4.85,142,
4.854,144,
4.858,142,
4.862,145,
4.866,159,
4.87,142,
4.874,147,
4.878,144,
4.882,143,
4.886,145,
4.89,147,
4.894,145,
4.898,140,
4.902,146,
4.906,144,
4.91,144,
4.914,148,
4.919,145,
4.923,145,
4.927,149,
4.931,146,
4.935,144,
4.939,147,
4.943,144,
4.947,145,
4.951,145,
4.955,142,
4.959,144,
4.963,149,
4.967,147,
4.971,145,
4.975,142,
4.979,145,
4.983,143,
4.987,146,
4.991,141,
4.996,145,
5.0,144,
5.004,144,
5.008,145,
5.012,144,
5.016,146,
5.02,142,
5.024,140,
5.028,144,
5.032,139,
5.036,146,
5.04,145,
5.044,142,
5.048,144,
5.052,143,
5.056,144,
5.06,143,
5.064,141,
5.068,147,
5.072,146,
5.077,143,
5.081,147,
5.085,144,
5.089,145,
5.093,147,
5.097,148,
5.101,146,
5.105,145,
5.109,145,
5.113,144,
5.117,142,
5.121,146,
5.125,148,
5.129,145,
5.133,147,
5.137,141,
5.141,144,
5.146,146,
5.15,144,
5.154,147,
5.158,143,
5.162,146,
5.166,143,
5.17,149,
5.174,164,
5.178,146,
5.182,144,
5.186,143,
5.19,146,
5.194,146,
5.198,144,
5.203,144,
5.207,146,
5.211,142,
5.215,145,
5.219,147,
5.223,143,
5.227,147,
5.231,144,
5.235,146,
5.239,144,
5.243,148,
5.247,146,
5.251,147,
5.255,144,
5.259,144,
5.263,148,
5.267,146,
5.271,144,
5.276,172,
5.28,146,
5.284,148,
5.288,145,
5.292,143,
5.296,142,
5.3,140,
5.304,144,
5.308,138,
5.312,140,
5.316,150,
5.32,144,
5.324,143,
5.328,143,
5.332,144,
5.336,148,
5.34,147,
5.344,148,
5.348,141,
5.352,147,
5.356,146,
5.36,148,
5.365,143,
5.369,143,
5.373,145,
5.377,143,
5.381,144,
5.385,148,
5.389,145,
5.393,146,
5.397,147,
5.401,146,
5.405,148,
5.409,146,
5.413,148,
5.417,145,
5.421,144,
5.425,146,
5.43,143,
5.434,141,
5.438,143,
5.442,143,
5.446,146,
5.45,147,
5.454,144,
5.458,144,
5.462,139,
5.466,146,
5.47,144,
5.474,150,
5.478,145,
5.482,145,
5.487,151,
5.491,147,
5.495,147,
5.499,143,
5.503,147,
5.507,147,
5.511,146,
5.515,145,
5.519,142,
5.523,143,
5.527,146,
5.531,144,
5.535,145,
5.539,145,
5.543,144,
5.547,144,
5.551,146,
5.555,141,
5.559,143,
5.564,149,
5.568,148,
5.572,147,
5.576,145,
5.58,147,
5.584,147,
5.588,142,
5.592,148,
5.596,146,
5.6,141,
5.604,141,
5.608,145,
5.612,146,
5.616,144,
5.62,141,
5.625,141,
5.629,141,
5.633,145,
5.637,144,
5.641,145,
5.645,143,
5.649,144,
5.653,144,
5.657,146,
5.661,139,
5.666,146,
5.67,141,
5.674,143,
5.678,142,
5.682,143,
5.686,145,
5.69,143,
5.694,139,
5.699,140,
5.703,142,
5.707,146,
5.711,142,
5.715,145,
5.719,136,
5.723,143,
5.727,146,
5.731,140,
5.735,141,
5.739,140,
5.743,143,
5.747,142,
5.751,141,
5.755,138,
5.759,144,
5.763,142,
5.767,141,
5.771,148,
5.776,139,
5.78,147,
5.784,142,
5.788,154,
5.792,145,
5.796,144,
5.8,143,
5.804,134,
5.808,138,
5.812,142,
5.817,141,
5.821,141,
5.825,144,
5.829,144,
5.833,141,
5.837,143,
5.841,144,
5.845,144,
5.849,148,
5.853,149,
5.857,144,
5.861,143,
5.865,144,
5.869,142,
5.873,144,
5.877,143,
5.882,147,
5.886,140,
5.89,132,
5.894,140,
5.898,142,
5.902,144,
5.906,140,
5.91,145,
5.915,147,
5.919,144,
5.923,145,
5.927,149,
5.931,146,
5.935,146,
5.94,140,
5.944,140,
5.948,146,
5.952,143,
5.956,147,
5.96,145,
5.964,142,
5.968,141,
5.972,145,
5.976,142,
5.98,146,
5.984,142,
5.989,144,
5.993,150,
5.997,138,
6.001,146,
6.005,148,
6.009,141,
6.013,141,
6.017,146,
6.021,145,
6.025,146,
6.029,145,
6.033,147,
6.038,148,
6.042,144,
6.046,139,
6.05,158,
6.054,148,
6.058,145,
6.062,146,
6.066,150,
6.07,159,
6.075,144,
6.079,141,
6.083,145,
6.087,154,
6.091,148,
6.095,166,
6.099,152,
6.103,146,
6.107,144,
6.111,146,
6.115,145,
6.119,149,
6.123,141,
6.127,143,
6.131,152,
6.135,138,
6.139,146,
6.143,151,
6.147,146,
6.151,131,
6.155,146,
6.159,151,
6.163,151,
6.168,145,
6.172,144,
6.176,154,
6.18,145,
6.184,138,
6.188,145,
6.192,146,
6.196,146,
6.2,144,
6.204,142,
6.208,143,
6.212,142,
6.216,143,
6.22,143,
6.224,146,
6.228,141,
6.232,143,
6.237,148,
6.241,153,
6.245,140,
6.249,143,
6.253,147,
6.257,146,
6.261,138,
6.265,139,
6.269,142,
6.273,141,
6.277,147,
6.281,124,
6.285,135,
6.289,119,
6.293,138,
6.297,135,
6.301,147,
6.305,138,
6.309,136,
6.313,138,
6.317,152,
6.321,146,
6.325,152,
6.33,142,
6.334,146,
6.338,143,
6.342,142,
6.346,139,
6.35,138,
6.354,142,
6.358,140,
6.362,143,
6.366,144,
6.37,136,
6.374,143,
6.378,141,
6.382,144,
6.387,137,
6.391,144,
6.395,146,
6.399,144,
6.403,181,
6.407,149,
6.411,145,
6.415,146,
6.419,150,
6.423,143,
6.427,147,
6.431,143,
6.435,141,
6.439,144,
6.444,145,
6.448,138,
6.452,143,
6.456,147,
6.46,147,
6.464,138,
6.468,145,
6.472,143,
6.476,144,
6.48,143,
6.484,140,
6.488,149,
6.492,142,
6.496,144,
6.5,148,
6.504,143,
6.508,140,
6.512,138,
6.516,143,
6.521,144,
6.525,143,
6.529,143,
6.533,141,
6.537,136,
6.541,141,
6.545,145,
6.549,142,
6.553,145,
6.557,143,
6.561,142,
6.565,140,
6.569,144,
6.573,145,
6.577,143,
6.582,145,
6.586,144,
6.59,146,
6.594,148,
6.598,143,
6.602,145,
6.606,147,
6.61,148,
6.614,182,
6.618,149,
6.622,147,
6.626,147,
6.631,143,
6.635,145,
6.639,142,
6.643,140,
6.647,145,
6.651,143,
6.655,141,
6.659,141,
6.663,144,
6.667,144,
6.671,144,
6.675,142,
6.679,142,
6.684,144,
6.688,140,
6.692,141,
6.696,137,
6.7,140,
6.704,141,
6.708,143,
6.712,140,
6.716,141,
6.72,141,
6.724,128,
6.728,144,
6.732,144,
6.736,143,
6.74,141,
6.744,137,
6.748,144,
6.752,141,
6.756,137,
6.76,137,
6.764,125,
6.769,123,
6.773,125,
6.777,132,
6.781,128,
6.785,130,
6.789,131,
6.793,132,
6.797,134,
6.801,131,
6.805,132,
6.81,134,
6.814,140,
6.818,141,
6.822,139,
6.826,145,
6.83,144,
6.834,144,
6.838,145,
6.842,138,
6.846,137,
6.85,139,
6.854,137,
6.859,134,
6.863,136,
6.867,133,
6.871,137,
6.875,133,
6.879,140,
6.883,141,
6.887,133,
6.891,138,
6.895,141,
6.899,156,
6.903,144,
6.907,140,
6.911,142,
6.915,172,
6.919,143,
6.923,140,
6.927,137,
6.931,137,
6.935,138,
6.939,141,
6.943,141,
6.947,140,
6.951,141,
6.955,137,
6.959,139,
6.963,141,
6.967,145,
6.971,144,
6.975,144,
6.98,138,
6.984,143,
6.988,140,
6.992,146,
6.996,144,
7.0,144,
7.004,135,
7.008,147,
7.012,176,
7.016,175,
7.02,141,
7.024,144,
7.028,146,
7.032,156,
7.036,144,
7.041,150,
7.045,148,
7.049,143,
7.053,156,
7.057,145,
7.061,143,
7.065,145,
7.069,142,
7.073,142,
7.077,140,
7.081,140,
7.085,130,
7.089,136,
7.094,141,
7.098,142,
7.102,143,
7.106,141,
7.11,136,
7.114,138,
7.118,133,
7.122,138,
7.126,140,
7.13,168,
7.134,136,
7.138,139,
7.142,145,
7.146,142,
7.15,144,
7.154,147,
7.158,153,
7.162,145,
7.166,141,
7.17,146,
7.174,143,
7.178,145,
7.183,143,
7.187,146,
7.191,146,
7.195,145,
7.199,146,
7.203,145,
7.207,146,
7.211,142,
7.215,145,
7.219,146,
7.223,145,
7.227,146,
7.231,144,
7.235,145,
7.239,146,
7.243,142,
7.247,145,
7.251,141,
7.255,145,
7.259,133,
7.263,144,
7.267,143,
7.272,145,
7.276,146,
7.28,138,
7.284,142,
7.288,141,
7.292,146,
7.296,143,
7.3,145,
7.304,141,
7.308,139,
7.312,144,
7.316,143,
7.32,146,
7.324,180,
7.328,144,
7.332,142,
7.337,147,
7.341,148,
7.345,147,
7.349,142,
7.353,144,
7.357,146,
7.361,147,
7.365,142,
7.369,142,
7.373,145,
7.377,145,
7.381,148,
7.385,148,
7.389,145,
7.393,145,
7.397,145,
7.402,144,
7.406,145,
7.41,146,
7.414,147,
7.418,146,
7.422,145,
7.426,179,
7.43,145,
7.434,147,
7.438,147,
7.442,149,
7.446,148,
7.45,149,
7.454,143,
7.458,144,
7.462,149,
7.466,147,
7.47,148,
7.474,147,
7.478,146,
7.482,143,
7.487,150,
7.491,151,
7.495,146,
7.499,148,
7.503,146,
7.507,149,
7.511,146,
7.515,151,
7.519,149,
7.523,146,
7.527,148,
7.531,152,
7.535,146,
7.539,148,
7.544,152,
7.548,147,
7.552,146,
7.556,147,
7.56,145,
7.564,145,
7.568,148,
7.572,145,
7.576,150,
7.58,147,
7.584,148,
7.588,149,
7.592,149,
7.597,150,
7.601,149,
7.605,149,
7.609,144,
7.613,144,
7.617,150,
7.621,148,
7.625,149,
7.629,147,
7.633,149,
7.637,149,
7.641,146,
7.645,148,
7.649,147,
7.653,147,
7.657,151,
7.661,152,
7.665,148,
7.669,149,
7.673,147,
7.677,147,
7.681,147,
7.686,145,
7.69,149,
7.694,147,
7.698,149,
7.702,150,
7.706,149,
7.71,148,
7.714,149,
7.718,146,
7.722,148,
7.726,149,
7.73,149,
7.734,145,
7.738,146,
7.742,146,
7.747,147,
7.75,148,
7.754,151,
7.759,148,
7.763,148,
7.767,149,
7.771,144,
7.775,152,
7.779,147,
7.783,146,
7.787,149,
7.791,149,
7.795,150,
7.799,148,
7.803,145,
7.807,145,
7.811,149,
7.815,147,
7.819,150,
7.823,148,
7.827,148,
7.831,150,
7.835,150,
7.84,144,
7.844,151,
7.848,147,
7.852,147,
7.856,146,
7.86,149,
7.864,148,
7.868,148,
7.872,148,
7.876,145,
7.88,146,
7.884,147,
7.888,149,
7.892,145,
7.897,149,
7.901,144,
7.905,150,
7.909,146,
7.913,146,
7.917,143,
7.921,148,
7.925,146,
7.929,147,
7.933,145,
7.937,143,
7.941,143,
7.945,148,
7.949,145,
7.953,145,
7.957,144,
7.961,142,
7.965,142,
7.969,143,
7.973,143,
7.977,141,
7.981,143,
7.985,142,
7.99,145,
7.994,145,
7.998,144,
8.002,147,
8.006,143,
8.01,141,
8.014,140,
8.018,139,
8.022,139,
8.026,142,
8.03,139,
8.034,140,
8.038,141,
8.042,175,
8.046,143,
8.05,140,
8.055,143,
8.059,143,
8.063,174,
8.067,144,
8.071,145,
8.075,144,
8.079,140,
8.083,144,
8.087,143,
8.091,141,
8.095,144,
8.099,144,
8.103,140,
8.107,139,
8.111,139,
8.115,137,
8.119,137,
8.123,136,
8.127,133,
8.131,136,
8.136,134,
8.14,136,
8.144,140,
8.148,134,
8.152,135,

8.286,133,
8.29,142,
8.294,141,
8.298,141,
8.302,138,
8.306,144,
8.31,141,
8.314,142,
8.318,140,
8.322,140,
8.326,141,
8.33,142,
8.334,144,
8.338,140,
8.343,140,
8.347,142,
8.351,142,
8.355,144,
8.359,145,
8.363,143,
8.367,143,
8.371,143,
8.375,142,
8.379,143,
8.383,145,
8.387,145,
8.391,144,
8.395,144,
8.399,143,
8.403,145,
8.407,145,
8.411,146,
8.415,147,
8.419,143,
8.423,145,
8.427,146,
8.431,145,
8.435,144,
8.439,146,
8.443,140,
8.447,144,
8.451,129,
8.455,145,
8.46,145,
8.464,144,
8.468,141,
8.472,142,
8.476,144,
8.48,143,
8.484,146,
8.488,144,
8.492,144,
8.496,144,
8.5,144,
8.504,145,
8.508,141,
8.513,146,
8.517,140,
8.521,142,
8.525,141,
8.529,145,
8.533,144,
8.537,143,
8.541,145,
8.545,146,
8.549,142,
8.553,168,
8.557,144,
8.561,145,
8.565,146,
8.569,143,
8.573,144,
8.577,143,
8.581,147,
8.585,142,
8.589,143,
8.593,144,
8.597,142,
8.601,140,
8.605,143,
8.61,146,
8.614,143,
8.618,144,
8.622,142,
8.626,144,
8.63,144,
8.634,145,
8.638,144,
8.642,146,
8.646,146,
8.65,144,
8.654,146,
8.658,145,
8.662,146,
8.666,145,
8.67,147,
8.674,143,
8.678,150,
8.682,146,
8.686,144,
8.69,146,
8.694,144,
8.698,144,
8.702,141,
8.707,142,
8.711,143,
8.715,144,
8.719,150,
8.723,146,
8.727,146,
8.731,143,
8.735,144,
8.739,143,
8.743,144,
8.747,145,
8.751,145,
8.755,146,
8.759,142,
8.763,146,
8.767,143,
8.771,147,
8.775,147,
8.78,173,
8.784,175,
8.788,171,
8.792,145,
8.796,175,
8.8,178,
8.804,177,
8.808,150,
8.812,145,
8.816,148,
8.82,147,
8.824,147,
8.828,144,
8.832,147,
8.836,147,
8.84,147,
8.844,148,
8.848,145,
8.852,146,
8.856,147,
8.861,175,
8.865,142,
8.869,145,
8.873,143,
8.877,140,
8.881,143,
8.885,139,
8.889,144,
8.893,145,
8.897,147,
8.901,146,
8.905,146,
8.909,144,
8.913,147,
8.917,146,
8.921,145,
8.925,145,
8.929,144,
8.933,146,
8.937,149,
8.941,143,
8.945,148,
8.949,145,
8.953,149,
8.957,146,
8.962,145,
8.966,143,
8.97,146,
8.974,147,
8.978,146,
8.982,144,
8.986,146,
8.99,145,
8.994,146,
8.998,148,
9.002,143,
9.006,145,
9.01,148,
9.014,147,
9.018,144,
9.022,146,
9.026,147,
9.03,144,
9.035,144,
9.039,146,
9.043,147,
9.047,147,
9.051,146,
9.055,149,
9.059,146,
9.063,148,
9.067,147,
9.071,147,
9.075,148,
9.079,144,
9.083,146,
9.087,148,
9.091,142,
9.095,145,
9.1,148,
9.104,147,
9.108,148,
9.112,149,
9.116,143,
9.12,146,
9.124,149,
9.128,145,
9.132,147,
9.136,144,
9.141,146,
9.145,144,
9.149,145,
9.153,145,
9.157,150,
9.161,148,
9.165,146,
9.169,145,
9.173,145,
9.177,149,
9.181,146,
9.185,151,
9.189,143,
9.193,146,
9.197,144,
9.201,147,
9.205,146,
9.209,146,
9.213,144,
9.218,145,
9.222,152,
9.226,145,
9.23,148,
9.234,148,
9.238,147,
9.242,146,
9.246,145,
9.25,145,
9.254,148,
9.258,146,
9.262,149,
9.266,149,
9.27,155,
9.274,146,
9.278,149,
9.282,147,
9.286,146,
9.29,145,
9.294,146,
9.299,145,
9.303,146,
9.307,145,
9.311,148,
9.315,147,
9.319,146,
9.323,144,
9.327,149,
9.331,145,
9.335,150,
9.339,146,
9.343,149,
9.347,149,
9.351,147,
9.355,146,
9.359,149,
9.363,149,
9.367,148,
9.371,151,
9.376,149,
9.38,146,
9.384,143,
9.388,146,
9.392,146,
9.396,149,
9.4,144,
9.404,148,
9.408,148,
9.412,149,
9.416,144,
9.42,146,
9.424,146,
9.428,146,
9.432,146,
9.436,144,
9.44,148,
9.444,146,
9.448,149,
9.452,149,
9.457,149,
9.461,148,
9.465,150,
9.469,148,
9.473,147,
9.477,145,
9.481,146,
9.485,146,
9.489,150,
9.493,148,
9.497,146,
9.501,149,
9.505,149,
9.509,145,
9.513,146,
9.517,150,
9.521,148,
9.525,144,
9.529,149,
9.533,146,
9.537,145,
9.541,148,
9.545,147,
9.55,149,
9.554,148,
9.558,148,
9.562,148,
9.566,144,
9.57,145,
9.574,148,
9.578,149,
9.582,144,
9.586,148,
9.59,147,
9.594,147,
9.599,144,
9.603,146,
9.607,147,
9.611,149,
9.615,146,
9.619,144,
9.623,150,
9.627,147,
9.631,148,
9.635,146,
9.639,146,
9.643,150,
9.647,149,
9.651,147,
9.655,146,
9.659,147,
9.663,149,
9.667,149,
9.671,148,
9.675,148,
9.679,147,
9.683,145,
9.687,146,
9.691,146,
9.696,146,
9.7,149,
9.704,149,
9.708,149,
9.712,146,
9.716,145,
9.72,146,
9.724,147,
9.728,148,
9.732,149,
9.736,147,
9.74,149,
9.744,146,
9.748,151,
9.752,147,
9.756,150,
9.76,149,
9.764,147,
9.768,150,
9.772,147,
9.776,146,
9.781,144,
9.785,149,
9.789,149,
9.793,147,
9.797,148,
9.801,148,
9.805,145,
9.809,148,
9.813,144,
9.817,147,
9.821,147,
9.825,149,
9.829,149,
9.833,146,
9.837,144,
9.841,147,
9.846,144,
9.85,148,
9.854,146,
9.858,145,
9.862,147,
9.866,147,
9.87,147,
9.874,144,
9.878,150,
9.882,150,
9.886,150,
9.89,145,
9.894,149,
9.898,145,
9.902,150,
9.906,146,
9.91,146,
9.914,148,
9.918,149,
9.922,149,
9.926,146,
9.93,145,
9.934,147,
9.939,146,
9.943,148,
9.947,150,
9.951,147,
9.955,146,
9.959,148,
9.963,148,
9.967,149,
9.971,149,
9.975,149,
9.979,147,
9.983,149,
9.987,184,
9.991,145,
9.995,146,
9.999,147,
10.003,150,
10.008,145,
10.012,150,
10.016,146,
10.02,148,
10.024,147,
10.028,144,
10.032,150,
10.036,147,
10.04,150,
10.044,145,
10.048,149,
10.052,153,
10.056,151,
10.06,148,
10.064,148,
10.068,144,
10.072,148,
10.077,147,
10.081,148,
10.085,148,
10.089,176,
10.093,148,
10.097,147,
10.101,147,
10.105,149,
10.109,149,
10.113,147,
10.117,145,
10.121,147,
10.125,148,
10.129,148,
10.133,147,
10.137,147,
10.141,147,
10.146,152,
10.15,149,
10.154,148,
10.158,148,
10.162,148,
10.166,149,
10.17,149,
10.174,148,
10.178,150,
10.182,147,
10.186,149,
10.19,148,
10.194,148,
10.198,149,
10.202,149,
10.206,148,
10.21,148,
10.214,146,
10.218,149,
10.222,149,
10.226,145,
10.23,146,
10.234,146,
10.238,146,
10.242,146,
10.246,149,
10.25,146,
10.254,147,
10.258,144,
10.263,147,
10.267,148,
10.271,151,
10.275,145,
10.279,147,
10.283,147,
10.287,149,
10.291,150,
10.295,145,
10.299,148,
10.303,149,
10.307,148,
10.311,144,
10.315,145,
10.319,151,
10.323,148,
10.327,148,
10.331,149,
10.335,145,
10.339,144,
10.343,148,
10.347,148,
10.351,149,
10.355,151,
10.36,147,
10.364,149,
10.368,148,
10.372,149,
10.376,147,
10.38,145,
10.384,144,
10.388,147,
10.392,146,
10.396,168,
10.401,147,
10.405,148,
10.409,153,
10.413,144,
10.417,146,
10.421,147,
10.425,150,
10.429,145,
10.433,147,
10.437,146,
10.441,149,
10.445,149,
10.449,148,
10.453,147,
10.457,151,
10.461,148,
10.465,148,
10.47,148,
10.474,148,
10.478,149,
10.482,146,
10.486,147,
10.49,148,
10.494,149,
10.5,159,
10.505,152,
10.509,149,
10.513,146,
10.517,159,
10.521,147,
10.525,147,
10.529,146,
10.533,148,
10.537,149,
10.541,149,
10.545,148,
10.549,148,
10.553,149,
10.557,146,
10.561,148,
10.565,148,
10.569,144,
10.573,147,
10.578,148,
10.582,148,
10.586,149,
10.59,149,
10.594,151,
10.598,151,
10.602,152,
10.606,147,
10.611,148,
10.615,149,
10.619,147,
10.623,150,
10.627,143,
10.631,147,
10.635,149,
10.639,150,
10.643,148,
10.647,146,
10.651,149,
10.655,146,
10.659,149,
10.663,147,
10.667,144,
10.671,147,
10.675,146,
10.679,148,
10.683,148,
10.687,145,
10.691,149,
10.696,149,
10.7,146,
10.704,164,
10.708,148,
10.712,149,
10.716,147,
10.72,148,
10.724,148,
10.728,148,
10.732,149,
10.736,148,
10.741,150,
10.745,147,
10.749,150,
10.753,147,
10.757,145,
10.761,147,
10.765,147,
10.769,148,
10.773,149,
10.777,145,
10.781,150,
10.785,149,
10.789,150,
10.793,150,
10.798,149,
10.802,149,
10.806,148,
10.81,151,
10.814,149,
10.818,144,
10.822,148,
10.826,146,
10.83,149,
10.834,149,
10.838,146,
10.842,145,
10.847,148,
10.851,148,
10.855,148,
10.859,147,
10.863,147,
10.867,147,
10.871,148,
10.875,149,
10.879,147,
10.883,150,
10.887,149,
10.891,149,
10.895,148,
10.9,147,
10.904,147,
10.908,159,
10.912,148,
10.916,148,
10.92,146,
10.924,145,
10.928,149,
10.932,148,
10.937,145,
10.941,148,
10.945,149,
10.949,149,
10.953,147,
10.957,145,
10.961,150,
10.965,150,
10.969,149,
10.973,147,
10.978,148,
10.982,149,
10.986,147,
10.99,149,
10.994,146,
10.998,148,
11.002,148,
11.006,149,
11.01,163,
11.014,150,
11.019,150,
11.023,147,
11.027,150,
11.031,147,
11.035,146,
11.039,150,
11.043,146,
11.047,150,
11.051,145,
11.056,149,
11.061,143,
11.065,150,
11.069,147,
11.073,145,
11.077,151,
11.081,148,
11.085,146,
11.089,145,
11.093,150,
11.098,152,
11.102,148,
11.106,147,
11.11,147,
11.114,149,
11.119,149,
11.123,145,
11.127,146,
11.132,149,
11.136,150,
11.14,145,
11.144,149,
11.148,148,
11.152,150,
11.156,149,
11.16,147,
11.164,146,
11.168,147,
11.172,150,
11.176,146,
11.18,148,
11.184,150,
11.189,149,
11.193,147,
11.197,148,
11.201,148,
11.205,147,
11.209,147,
11.213,146,
11.217,150,
11.221,146,
11.225,148,
11.229,145,
11.233,148,
11.237,147,
11.241,146,
11.245,148,
11.25,146,
11.254,149,
11.258,147,
11.262,147,
11.266,147,
11.27,149,
11.274,148,
11.278,146,
11.282,146,
11.286,147,
11.29,147,
11.294,147,
11.299,150,
11.303,148,
11.307,146,
11.311,150,
11.315,151,
11.319,149,
11.323,148,
11.327,149,
11.332,147,
11.336,147,
11.346,148,
11.35,149,
11.354,151,
11.358,147,
11.363,147,
11.367,149,
11.371,148,
11.375,147,
11.379,146,
11.383,149,
11.387,148,
11.391,149,
11.395,150,
11.399,146,
11.403,144,
11.407,148,
11.411,147,
11.418,146,
11.422,147,
11.426,145,
11.43,147,
11.434,146,
11.438,147,
11.443,147,
11.447,149,
11.451,146,
11.455,150,
11.459,146,
11.463,147,
11.467,146,
11.471,150,
11.475,148,
11.479,145,
11.484,146,
11.488,149,
11.492,147,
11.496,151,
11.5,151,
11.504,148,
11.508,149,
11.512,147,
11.516,145,
11.52,149,
11.524,146,
11.528,149,
11.532,147,
11.536,148,
11.54,145,
11.545,149,
11.549,149,
11.553,146,
11.557,148,
11.561,146,
11.565,147,
11.569,151,
11.573,147,
11.577,147,
11.582,148,
11.586,148,
11.59,149,
11.594,149,
11.598,149,
11.602,145,
11.606,147,
11.61,149,
11.614,150,
11.618,149,
11.622,149,
11.627,148,
11.631,147,
11.635,151,
11.639,149,
11.643,147,
11.647,147,
11.651,145,
11.655,149,
11.659,149,
11.663,149,
11.667,149,
11.671,148,
11.675,151,
11.679,146,
11.683,151,
11.687,147,
11.691,149,
11.695,148,
11.699,146,
11.703,150,
11.707,149,
11.712,148,
11.716,150,
11.72,150,
11.724,147,
11.728,163,
11.732,148,
11.736,149,
11.74,148,
11.744,149,
11.748,148,
11.752,145,
11.756,146,
11.76,146,
11.764,146,
11.768,150,
11.772,151,
11.776,149,
11.781,146,
11.785,147,
11.789,147,
11.793,147,
11.797,148,
11.801,150,
11.805,148,
11.809,146,
11.813,147,
11.817,147,
11.822,145,
11.826,148,
11.83,165,
11.834,148,
11.838,149,
11.842,147,
11.846,148,
11.85,146,
11.854,149,
11.858,151,
11.862,149,
11.867,145,
11.871,147,
11.875,149,
11.879,146,
11.883,146,
11.887,147,
11.891,144,
11.895,148,
11.899,148,
11.903,146,
11.907,154,
11.911,149,
11.915,147,
11.919,148,
11.923,150,
11.927,148,
11.931,150,
11.935,149,
11.939,147,
11.943,146,
11.947,147,
11.951,145,
11.955,147,
11.959,147,
11.964,148,
11.968,145,
11.972,148,
11.976,152,
11.98,148,
11.984,143,
11.988,146,
11.992,149,
11.996,150,
12.0,151,
12.004,151,
12.008,152,
12.012,148,
12.016,148,
12.02,147,
12.024,149,
12.028,149,
12.032,147,
12.036,144,
12.041,146,
12.045,147,
12.049,146,
12.053,147,
12.057,149,
12.061,143,
12.065,147,
12.069,149,
12.073,147,
12.077,149,
12.081,143,
12.085,147,
12.089,149,
12.094,148,
12.098,149,
12.102,149,
12.106,148,
12.11,146,
12.114,147,
12.118,144,
12.122,148,
12.126,147,
12.13,149,
12.134,148,
12.138,152,
12.142,151,
12.146,147,
12.15,149,
12.154,147,
12.158,149,
12.162,147,
12.166,145,
12.17,145,
12.175,148,
12.179,149,
12.183,148,
12.187,147,
12.191,149,
12.195,145,
12.199,148,
12.203,144,
12.207,149,
12.211,149,
12.215,147,
12.219,147,
12.223,147,
12.227,148,
12.231,150,
12.236,149,
12.24,164,
12.244,148,
12.248,148,
12.252,150,
12.256,145,
12.26,147,
12.264,149,
12.268,147,
12.272,148,
12.276,147,
12.28,145,
12.284,149,
12.288,150,
12.293,147,
12.297,150,
12.301,148,
12.305,147,
12.309,147,
12.313,148,
12.317,149,
12.321,149,
12.326,148,
12.33,146,
12.334,145,
12.338,144,
12.343,138,
12.347,148,
12.351,145,
12.355,147,
12.359,148,
12.363,148,
12.367,149,
12.371,149,
12.375,149,
12.38,147,
12.384,148,
12.388,151,
12.392,148,
12.396,148,
12.4,148,
12.404,150,
12.409,147,
12.413,144,
12.417,145,
12.421,147,
12.426,148,
12.43,148,
12.434,146,
12.438,147,
12.442,146,
12.446,148,
12.45,150,
12.454,147,
12.458,146,
12.462,149,
12.467,146,
12.471,146,
12.475,149,
12.479,150,
12.483,148,
12.487,147,
12.491,148,
12.495,148,
12.499,147,
12.503,148,
12.507,148,
12.511,149,
12.515,148,
12.519,151,
12.524,147,
12.528,147,
12.532,151,
12.536,147,
12.54,146,
12.546,146,
12.55,146,
12.554,151,
12.558,149,
12.562,150,
12.566,150,
12.57,148,
12.574,147,
12.578,146,
12.582,149,
12.586,148,
12.591,149,
12.595,147,
12.599,150,
12.603,147,
12.608,148,
12.612,145,
12.616,150,
12.62,147,
12.624,148,
12.628,147,
12.632,149,
12.636,148,
12.64,146,
12.644,148,
12.648,150,
12.652,148,
12.656,147,
12.66,149,
12.665,147,
12.669,148,
12.673,151,
12.677,148,
12.681,149,
12.685,149,
12.689,147,
12.693,149,
12.697,149,
12.701,149,
12.705,146,
12.71,148,
12.714,144,
12.718,146,
12.722,147,
12.726,146,
12.73,144,
12.734,146,
12.738,147,
12.742,144,
12.746,144,
12.75,145,
12.754,148,
12.758,145,
12.763,142,
12.767,147,
12.771,149,
12.775,147,
12.779,144,
12.783,148,
12.787,146,
12.791,144,
12.795,148,
12.799,146,
12.803,147,
12.807,145,
12.811,148,
12.815,149,
12.819,147,
12.824,147,
12.828,148,
12.832,150,
12.836,150,
12.841,146,
12.845,147,
12.849,149,
12.853,145,
12.857,141,
12.861,144,
12.865,139,
12.869,140,
12.873,137,
12.877,141,
12.881,139,
12.885,141,
12.889,140,
12.893,139,
12.897,143,
12.901,143,
12.906,140,
12.91,142,
12.914,142,
12.918,141,
12.922,141,
12.927,141,
12.931,146,
12.935,144,
12.939,144,
12.943,143,
12.947,144,
12.951,144,
12.955,146,
12.959,139,
12.963,141,
12.967,142,
12.971,141,
12.975,141,
12.979,144,
12.983,144,
12.987,144,
12.992,144,
12.996,143,
13.0,143,
13.004,140,
13.008,140,
13.012,144,
13.016,140,
13.02,146,
13.024,143,
13.028,141,
13.033,141,
13.037,142,
13.041,142,
13.045,141,
13.049,146,
13.053,143,
13.057,142,
13.061,143,
13.065,143,
13.069,143,
13.073,145,
13.086,143,
13.09,143,
13.094,144,
13.098,144,
13.102,146,
13.106,143,
13.11,144,
13.114,143,
13.118,144,
13.122,143,
13.126,144,
13.13,141,
13.134,139,
13.138,140,
13.143,140,
13.147,138,
13.151,136,
13.155,134,
13.159,137,
13.163,141,
13.167,144,
13.171,140,
13.175,143,
13.179,145,
13.183,141,
13.187,146,
13.191,141,
13.195,143,
13.199,143,
13.203,143,
13.207,140,
13.212,143,
13.216,143,
13.22,142,
13.224,144,
13.228,145,
13.232,143,
13.236,144,
13.24,140,
13.244,144,
13.248,142,
13.252,139,
13.256,135,
13.26,142,
13.264,137,
13.268,134,
13.272,135,
13.277,141,
13.281,144,
13.285,142,
13.289,145,
13.293,144,
13.297,147,
13.301,141,
13.305,144,
13.309,144,
13.313,143,
13.317,145,
13.321,145,
13.325,142,
13.329,143,
13.333,143,
13.337,144,
13.341,142,
13.345,145,
13.349,143,
13.353,143,
13.358,143,
13.362,142,
13.366,178,
13.37,150,
13.374,139,
13.378,140,
13.382,137,
13.386,138,
13.39,133,
13.394,135,
13.398,136,
13.402,134,
13.406,129,
13.41,130,
13.414,127,
13.418,128,
13.423,128,
13.427,128,
13.431,130,
13.435,134,
13.439,133,
13.443,132,
13.447,132,
13.451,138,
13.455,136,
13.459,137,
13.464,137,
13.468,134,
13.472,138,
13.476,136,
13.48,136,
13.484,137,
13.488,138,
13.492,136,
13.496,140,
13.5,140,
13.504,137,
13.508,137,
13.512,136,
13.516,138,
13.52,131,
13.524,136,
13.528,138,
13.533,136,
13.537,134,
13.541,136,
13.545,133,
13.549,134,
13.553,135,
13.557,139,
13.561,135,
13.565,137,
13.569,138,
13.573,136,
13.577,135,
13.581,137,
13.585,134,
13.589,137,
13.593,136,
13.598,134,
13.602,139,
13.606,138,
13.61,136,
13.614,139,
13.618,138,
13.622,138,
13.626,137,
13.63,135,
13.634,142,
13.638,142,
13.642,139,
13.646,140,
13.65,137,
13.654,142,
13.658,138,
13.662,140,
13.666,142,
13.671,139,
13.675,138,
13.679,140,
13.683,140,
13.687,138,
13.691,139,
13.695,139,
13.699,139,
13.703,137,
13.707,141,
13.711,141,
13.715,139,
13.719,141,
13.723,141,
13.728,141,
13.732,139,
13.736,137,
13.74,137,
13.744,142,
13.748,139,
13.752,140,
13.756,137,
13.76,140,
13.764,139,
13.768,139,
13.772,139,
13.776,141,
13.78,139,
13.784,140,
13.788,139,
13.792,140,
13.796,142,
13.8,137,
13.804,141,
13.808,139,
13.813,143,
13.817,139,
13.821,140,
13.825,140,
13.829,142,
13.833,137,
13.837,141,
13.841,140,
13.845,139,
13.849,138,
13.853,139,
13.857,142,
13.861,139,
13.865,138,
13.869,141,
13.873,138,
13.878,169,
13.882,140,
13.886,139,
13.89,138,
13.894,140,
13.898,138,
13.902,139,
13.906,142,
13.91,140,
13.914,141,
13.918,140,
13.922,138,
13.926,138,
13.93,141,
13.934,140,
13.938,139,
13.942,138,
13.946,139,
13.95,140,
13.954,144,
13.959,141,
13.963,141,
13.967,141,
13.971,140,
13.975,141,
13.979,140,
13.983,140,
13.987,142,
13.991,139,
13.995,140,
13.999,141,
14.003,140,
14.007,139,
14.011,139,
14.015,138,
14.02,142,
14.024,141,
14.028,141,
14.032,138,
14.036,138,
14.04,138,
14.044,139,
14.048,138,
14.052,139,
14.056,140,
14.06,140,
14.064,140,
14.068,142,
14.072,140,
14.076,138,
14.08,141,
14.084,136,
14.089,139,
14.093,140,
14.097,138,
14.101,140,
14.105,142,
14.109,140,
14.113,140,
14.117,139,
14.121,139,
14.125,140,
14.129,139,
14.133,136,
14.137,141,
14.141,142,
14.145,138,
14.149,138,
14.153,140,
14.158,141,
14.162,141,
14.166,141,
14.17,141,
14.174,143,
14.178,139,
14.182,143,
14.186,136,
14.19,137,
14.194,138,
14.198,140,
14.202,138,
14.206,141,
14.21,138,
14.215,142,
14.219,143,
14.223,140,
14.227,141,
14.231,141,
14.235,137,
14.239,140,
14.243,139,
14.247,141,
14.251,142,
14.255,138,
14.259,140,
14.263,139,
14.267,141,
14.271,142,
14.275,141,
14.28,139,
14.284,141,
14.288,170,
14.292,138,
14.296,140,
14.3,139,
14.304,140,
14.308,140,
14.312,137,
14.316,137,
14.32,139,
14.324,142,
14.328,137,
14.332,139,
14.336,137,
14.34,136,
14.345,139,
14.349,140,
14.353,139,
14.357,140,
14.361,137,
14.365,139,
14.369,139,
14.373,143,
14.377,140,
14.381,138,
14.385,139,
14.389,164,
14.394,140,
14.398,139,
14.402,137,
14.406,137,
14.41,159,
14.414,138,
14.418,136,
14.422,139,
14.426,139,
14.43,138,
14.434,137,
14.439,136,
14.443,141,
14.447,138,
14.451,136,
14.455,137,
14.459,134,
14.463,137,
14.467,135,
14.471,140,
14.475,139,
14.479,139,
14.483,140,
14.487,137,
14.491,138,
14.495,135,
14.499,137,
14.503,136,
14.507,139,
14.511,136,
14.515,137,
14.519,138,
14.523,136,
14.527,136,
14.531,138,
14.535,137,
14.539,138,
14.543,136,
14.547,137,
14.551,133,
14.555,135,
14.559,140,
14.564,144,
14.568,137,
14.572,135,
14.576,136,
14.58,138,
14.584,139,
14.588,137,
14.592,137,
14.596,139,
14.6,137,
14.604,138,
14.608,136,
14.612,138,
14.616,137,
14.62,139,
14.624,135,
14.629,137,
14.633,164,
14.637,168,
14.641,136,
14.645,137,
14.649,164,
14.653,138,
14.657,138,
14.661,139,
14.665,137,
14.669,141,
14.673,137,
14.677,138,
14.681,136,
14.685,136,
14.689,137,
14.694,135,
14.698,144,
14.702,136,
14.706,135,
14.71,137,
14.714,134,
14.718,137,
14.722,139,
14.726,132,
14.73,137,
14.734,135,
14.738,132,
14.742,134,
14.746,136,
14.75,135,
14.754,137,
14.758,134,
14.762,134,
14.767,136,
14.771,136,
14.775,135,
14.779,136,
14.783,135,
14.787,135,
14.791,137,
14.795,134,
14.8,169,
14.804,137,
14.808,136,
14.812,137,
14.816,139,
14.82,134,
14.824,134,
14.828,139,
14.832,139,
14.836,136,
14.84,134,
14.844,136,
14.848,136,
14.852,137,
14.856,137,
14.86,134,
14.864,136,
14.868,138,
14.873,134,
14.876,138,
14.881,133,
14.885,136,
14.889,134,
14.893,134,
14.897,136,
14.901,134,
14.905,135,
14.909,134,
14.913,137,
14.917,134,
14.921,137,
14.925,138,
14.929,135,
14.933,137,
14.937,131,
14.941,134,
14.945,133,
14.949,137,
14.953,132,
14.957,137,
14.962,134,
14.966,135,
14.97,135,
14.974,133,
14.978,134,
14.982,135,
14.986,135,
14.99,135,
14.995,137,
14.999,133,
15.003,137,
15.007,133,
15.011,135,
15.015,137,
15.019,133,
15.023,135,
15.028,134,
15.032,132,
15.036,136,
15.04,136,
15.044,131,
15.048,134,
15.052,133,
15.056,135,
15.06,133,
15.064,131,
15.068,137,
15.072,133,
15.076,137,
15.08,126,
15.085,134,
15.089,136,
15.093,136,
15.097,137,
15.101,137,
15.105,133,
15.109,135,
15.113,138,
15.118,135,
15.122,133,
15.126,133,
15.13,135,
15.134,134,
15.138,135,
15.142,135,
15.146,132,
15.15,134,
15.154,135,
15.158,136,
15.162,133,
15.166,134,
15.17,136,
15.174,135,
15.178,131,
15.182,139,
15.186,135,
15.191,134,
15.195,134,
15.199,132,
15.203,138,
15.207,136,
15.211,134,
15.215,133,
15.219,137,
15.223,133,
15.227,137,
15.231,136,
15.235,131,
15.239,133,
15.243,136,
15.247,135,
15.252,132,
15.256,132,
15.26,134,
15.264,138,
15.268,136,
15.272,135,
15.276,136,
15.28,137,
15.284,137,
15.288,133,
15.292,134,
15.296,134,
15.3,133,
15.305,136,
15.309,134,
15.313,133,
15.317,137,
15.321,134,
15.325,135,
15.329,134,
15.333,131,
15.337,134,
15.341,135,
15.345,137,
15.35,133,
15.354,134,
15.358,134,
15.362,136,
15.366,133,
15.37,138,
15.374,136,
15.378,134,
15.382,136,
15.387,134,
15.391,134,
15.395,137,
15.399,136,
15.403,134,
15.407,138,
15.411,134,
15.415,129,
15.419,149,
15.423,134,
15.427,135,
15.431,137,
15.435,135,
15.44,135,
15.444,135,
15.448,133,
15.452,132,
15.456,138,
15.46,135,
15.464,136,
15.468,134,
15.472,133,
15.476,133,
15.48,134,
15.484,134,
15.489,133,
15.493,140,
15.497,135,
15.501,134,
15.505,131,
15.509,134,
15.513,132,
15.517,168,
15.521,135,
15.525,134,
15.53,134,
15.534,137,
15.538,137,
15.542,134,
15.546,134,
15.55,137,
15.554,135,
15.558,131,
15.562,139,
15.566,132,
15.57,135,
15.574,135,
15.578,135,
15.582,136,
15.586,134,
15.59,137,
15.594,133,
15.598,135,
15.602,134,
15.607,132,
15.611,134,
15.615,135,
15.619,164,
15.623,136,
15.627,134,
15.631,135,
15.635,132,
15.639,133,
15.643,133,
15.648,134,
15.652,132,
15.656,137,
15.66,135,
15.664,136,
15.668,135,
15.672,134,
15.676,134,
15.68,136,
15.684,134,
15.688,136,
15.692,133,
15.696,134,
15.7,139,
15.704,134,
15.708,134,
15.712,136,
15.716,138,
15.721,168,
15.725,132,
15.729,137,
15.733,136,
15.737,136,
15.741,133,
15.745,134,
15.749,135,
15.753,135,
15.757,134,
15.761,131,
15.765,133,
15.769,135,
15.773,133,
15.777,135,
15.781,135,
15.785,137,
15.79,133,
15.794,133,
15.798,136,
15.802,137,
15.806,134,
15.81,133,
15.814,134,
15.818,136,
15.822,136,
15.826,134,
15.83,134,
15.834,134,
15.838,135,
15.842,134,
15.847,135,
15.851,134,
15.855,132,
15.859,137,
15.863,134,
15.867,131,
15.871,136,
15.875,133,
15.88,137,
15.884,135,
15.888,137,
15.892,135,
15.896,133,
15.9,135,
15.904,130,
15.908,136,
15.912,135,
15.916,136,
15.92,139,
15.924,133,
15.928,134,
15.932,134,
15.936,133,
15.941,131,
15.945,137,
15.949,134,
15.953,134,
15.957,138,
15.961,134,
15.965,137,
15.969,133,
15.973,135,
15.977,135,
15.981,135,
15.985,134,
15.989,136,
15.993,133,
15.997,135,
16.001,131,
16.005,133,
16.009,133,
16.013,133,
16.017,133,
16.022,136,
16.026,133,
16.03,136,
16.034,136,
16.038,135,
16.042,134,
16.046,133,
16.05,137,
16.054,148,
16.058,133,
16.062,134,
16.066,136,
16.07,133,
16.074,130,
16.079,136,
16.083,130,
16.087,133,
16.091,133,
16.095,135,
16.099,133,
16.103,133,
16.107,134,
16.111,135,
16.115,135,
16.119,136,
16.123,134,
16.127,133,
16.131,159,
16.135,135,
16.14,133,
16.144,137,
16.148,133,
16.152,135,
16.156,135,
16.16,133,
16.164,134,
16.168,132,
16.172,135,
16.176,134,
16.18,132,
16.184,134,
16.188,134,
16.192,133,
16.196,134,
16.2,133,
16.204,134,
16.209,137,
16.213,134,
16.217,132,
16.221,136,
16.225,133,
16.229,133,
16.233,164,
16.237,135,
16.241,133,
16.245,132,
16.249,132,
16.253,135,
16.257,136,
16.261,133,
16.265,135,
16.27,131,
16.274,131,
16.278,133,
16.282,137,
16.286,137,
16.29,136,
16.294,131,
16.298,135,
16.302,132,
16.306,132,
16.31,134,
16.314,134,
16.318,135,
16.322,136,
16.326,136,
16.33,137,
16.335,134,
16.339,131,
16.343,134,
16.347,131,
16.351,135,
16.355,138,
16.359,132,
16.363,132,
16.367,137,
16.371,134,
16.375,134,
16.379,134,
16.383,136,
16.387,132,
16.392,133,
16.396,134,
16.4,132,
16.404,133,
16.408,137,
16.412,135,
16.416,132,
16.42,136,
16.424,135,
16.428,133,
16.432,135,
16.436,132,
16.44,135,
16.444,136,

16.596,135,
16.6,146,
16.604,144,
16.608,141,
16.612,143,
16.616,142,
16.62,145,
16.624,140,
16.628,143,
16.632,143,
16.636,145,
16.64,141,
16.644,140,
16.648,142,
16.652,143,
16.656,142,
16.66,139,
16.665,142,
16.669,147,
16.673,142,
16.677,142,
16.681,144,
16.685,144,
16.689,143,
16.693,144,
16.697,142,
16.701,142,
16.705,144,
16.709,142,
16.713,143,
16.717,142,
16.721,143,
16.725,142,
16.73,142,
16.734,143,
16.738,145,
16.742,144,
16.746,124,
16.75,141,
16.754,141,
16.758,142,
16.762,145,
16.766,141,
16.77,145,
16.774,143,
16.778,145,
16.783,143,
16.787,141,
16.791,147,
16.795,145,
16.799,140,
16.803,146,
16.807,144,
16.811,142,
16.815,143,
16.819,142,
16.823,142,
16.827,144,
16.831,144,
16.835,142,
16.839,142,
16.844,146,
16.848,166,
16.852,143,
16.856,144,
16.86,142,
16.864,143,
16.868,142,
16.872,142,
16.876,143,
16.88,145,
16.884,141,
16.888,140,
16.892,144,
16.896,142,
16.9,144,
16.905,143,
16.909,142,
16.913,146,
16.917,144,
16.921,142,
16.925,142,
16.929,141,
16.933,142,
16.937,144,
16.941,142,
16.945,146,
16.949,144,
16.953,142,
16.957,141,
16.961,145,
16.965,143,
16.969,142,
16.974,139,
16.978,141,
16.982,142,
16.986,138,
16.99,140,
16.994,141,
16.998,142,
17.002,141,
17.006,144,
17.01,141,
17.014,141,
17.018,142,
17.022,142,
17.026,143,
17.03,145,
17.034,140,
17.039,142,
17.043,141,
17.047,143,
17.051,141,
17.055,142,
17.059,142,
17.063,143,
17.067,141,
17.071,141,
17.075,140,
17.08,139,
17.084,141,
17.088,140,
17.092,142,
17.096,141,
17.1,141,
17.104,141,
17.108,141,
17.112,143,
17.116,144,
17.12,144,
17.124,139,
17.128,144,
17.132,141,
17.136,145,
17.141,144,
17.145,145,
17.149,143,
17.153,146,
17.157,147,
17.161,142,
17.165,141,
17.169,144,
17.173,142,
17.177,142,
17.181,143,
17.185,144,
17.19,140,
17.194,142,
17.198,141,
17.202,142,
17.206,142,
17.21,143,
17.214,141,
17.218,140,
17.222,141,
17.226,140,
17.23,141,
17.234,140,
17.238,136,
17.242,137,
17.246,137,
17.25,138,
17.254,138,
17.258,134,
17.263,137,
17.267,135,
17.271,139,
17.275,139,
17.279,137,
17.283,137,
17.287,136,
17.291,141,
17.295,136,
17.299,138,
17.303,137,
17.307,137,
17.311,136,
17.315,136,
17.319,139,
17.323,137,
17.327,136,
17.331,138,
17.335,138,
17.339,137,
17.343,139,
17.347,136,
17.351,136,
17.355,139,
17.36,178,
17.364,135,
17.368,134,
17.372,137,
17.376,137,
17.38,137,
17.384,138,
17.388,134,
17.393,136,
17.397,137,
17.401,135,
17.405,136,
17.409,137,
17.413,137,
17.417,137,
17.421,134,
17.425,138,
17.429,137,
17.433,134,
17.437,136,
17.441,136,
17.445,141,
17.449,135,
17.453,140,
17.458,137,
17.462,176,
17.466,138,
17.47,138,
17.474,135,
17.478,139,
17.482,138,
17.486,136,
17.49,138,
17.494,134,
17.498,138,
17.502,139,
17.506,134,
17.51,140,
17.514,137,
17.518,136,
17.523,136,
17.527,137,
17.531,137,
17.535,137,
17.539,139,
17.543,137,
17.547,135,
17.551,136,
17.555,136,
17.559,139,
17.563,134,
17.567,136,
17.571,138,
17.575,141,
17.579,132,
17.583,135,
17.587,135,
17.591,138,
17.595,136,
17.599,137,
17.603,140,
17.607,137,
17.612,137,
17.616,139,
17.62,139,
17.624,137,
17.628,137,
17.632,136,
17.636,139,
17.64,135,
17.644,137,
17.648,135,
17.652,137,
17.656,136,
17.66,136,
17.664,135,
17.668,135,
17.672,137,
17.676,136,
17.68,137,
17.684,135,
17.688,133,
17.692,137,
17.696,137,
17.701,138,
17.705,133,
17.709,137,
17.713,138,
17.717,135,
17.721,136,
17.725,134,
17.729,136,
17.733,133,
17.737,134,
17.741,138,
17.745,136,
17.749,139,
17.753,135,
17.757,135,
17.761,137,
17.765,137,
17.769,165,
17.773,138,
17.778,135,
17.782,135,
17.786,135,
17.79,134,
17.794,134,
17.798,138,
17.802,137,
17.806,139,
17.81,137,
17.814,138,
17.818,138,
17.822,138,
17.826,139,
17.83,138,
17.834,137,
17.838,136,
17.842,136,
17.846,136,
17.85,137,
17.854,136,
17.858,138,
17.862,138,
17.867,135,
17.871,136,
17.875,139,
17.879,139,
17.883,138,
17.887,136,
17.891,138,
17.895,133,
17.899,136,
17.903,140,
17.907,137,
17.911,136,
17.915,136,
17.919,140,
17.923,139,
17.927,137,
17.932,138,
17.936,137,
17.94,138,
17.944,141,
17.948,136,
17.952,136,
17.956,136,
17.96,137,
17.964,137,
17.968,135,
17.972,137,
17.976,137,
17.98,138,
17.984,137,
17.988,136,
17.992,136,
17.996,139,
18.001,138,
18.005,138,
18.009,136,
18.013,136,
18.017,135,
18.021,138,
18.025,135,
18.029,138,
18.033,138,
18.038,141,
18.042,138,
18.046,136,
18.05,136,
18.054,136,
18.058,139,
18.062,138,
18.066,139,
18.07,136,
18.074,138,
18.078,137,
18.082,140,
18.086,142,
18.09,139,
18.094,140,
18.098,140,
18.102,140,
18.106,139,
18.11,136,
18.114,139,
18.118,135,
18.122,139,
18.126,136,
18.13,140,
18.134,135,
18.138,137,
18.143,135,
18.147,138,
18.151,138,
18.155,140,
18.159,139,
18.163,140,
18.167,142,
18.171,139,
18.175,137,
18.179,158,
18.183,141,
18.187,139,
18.191,136,
18.195,141,
18.199,136,
18.203,136,
18.207,138,
18.211,137,
18.215,136,
18.22,138,
18.224,138,
18.228,140,
18.232,136,
18.236,136,
18.24,138,
18.244,135,
18.248,139,
18.252,138,
18.256,139,
18.26,137,
18.264,136,
18.268,140,
18.272,137,
18.276,136,
18.28,171,
18.285,137,
18.289,140,
18.293,137,
18.297,136,
18.301,139,
18.305,139,
18.309,135,
18.313,139,
18.317,141,
18.321,139,
18.325,137,
18.329,138,
18.333,140,
18.337,137,
18.341,138,
18.345,139,
18.35,137,
18.354,135,
18.358,138,
18.362,138,
18.366,138,
18.37,138,
18.374,137,
18.378,138,
18.382,139,
18.386,139,
18.39,138,
18.394,155,
18.398,137,
18.402,137,
18.406,134,
18.411,138,
18.415,139,
18.419,136,
18.423,136,
18.427,139,
18.431,139,
18.435,138,
18.439,135,
18.443,138,
18.447,137,
18.451,137,
18.455,140,
18.459,135,
18.463,137,
18.467,136,
18.471,139,
18.475,137,
18.48,134,
18.484,134,
18.488,137,
18.492,136,
18.496,138,
18.5,135,
18.504,137,
18.508,135,
18.512,139,
18.516,138,
18.52,135,
18.524,137,
18.528,140,
18.532,137,
18.536,136,
18.54,140,
18.545,138,
18.549,135,
18.553,137,
18.557,139,
18.561,145,
18.565,138,
18.569,136,
18.573,137,
18.577,139,
18.581,139,
18.585,137,
18.589,113,
18.593,139,
18.597,136,
18.601,139,
18.605,136,
18.609,133,
18.614,140,
18.618,140,
18.622,137,
18.626,139,
18.63,137,
18.634,141,
18.638,159,
18.642,140,
18.646,138,
18.65,135,
18.654,137,
18.658,165,
18.662,174,
18.666,139,
18.67,138,
18.674,140,
18.679,162,
18.683,170,
18.687,136,
18.691,167,
18.695,135,
18.699,140,
18.703,134,
18.707,136,
18.711,139,
18.715,136,
18.719,141,
18.723,138,
18.727,137,
18.731,139,
18.736,135,
18.74,139,
18.744,142,
18.748,135,
18.752,136,
18.756,140,
18.76,139,
18.764,139,
18.768,137,
18.772,137,
18.776,137,
18.78,139,
18.784,155,
18.788,139,
18.792,135,
18.797,139,
18.801,139,
18.805,156,
18.809,138,
18.813,138,
18.817,137,
18.821,136,
18.825,138,
18.829,141,
18.833,137,
18.837,139,
18.841,139,
18.845,139,
18.849,139,
18.853,135,
18.857,135,
18.862,140,
18.866,139,
18.87,144,
18.874,139,
18.878,139,
18.882,135,
18.886,138,
18.89,137,
18.894,137,
18.898,139,
18.902,137,
18.906,137,
18.91,140,
18.914,136,
18.918,137,
18.923,138,
18.927,133,
18.931,139,
18.935,135,
18.94,134,
18.944,134,
18.948,132,
18.952,134,
18.956,127,
18.96,163,
18.964,161,
18.968,158,
18.972,136,
18.976,158,
18.98,161,
18.984,162,
18.988,132,
18.992,135,
18.996,132,
19.001,137,
19.005,134,
19.009,132,
19.016,135,
19.02,173,
19.024,173,
19.028,173,
19.032,138,
19.036,136,
19.04,135,
19.044,133,
19.049,134,
19.053,128,
19.057,140,
19.061,131,
19.065,136,
19.069,134,
19.073,133,
19.078,138,
19.082,133,
19.087,137,
19.091,153,
19.096,135,
19.1,133,
19.104,134,
19.108,134,
19.112,134,
19.116,134,
19.12,137,
19.124,135,
19.128,133,
19.132,132,
19.136,134,
19.14,133,
19.144,132,
19.148,127,
19.153,132,
19.158,129,
19.162,132,
19.167,133,
19.171,134,
19.175,130,
19.18,129,
19.184,131,
19.188,131,
19.192,130,
19.196,131,
19.2,136,
19.204,129,
19.208,130,
19.212,132,
19.216,123,
19.22,124,
19.224,125,
19.229,124,
19.233,121,
19.237,130,
19.242,131,
19.246,135,
19.25,130,
19.255,126,
19.259,134,
19.263,127,
19.269,132,
19.273,129,
19.277,136,
19.281,137,
19.286,137,
19.29,133,
19.294,131,
19.298,133,
19.302,132,
19.306,108,
19.31,138,
19.314,136,
19.318,135,
19.322,140,
19.326,138,
19.331,140,
19.335,138,
19.339,138,
19.343,138,
19.347,136,
19.351,138,
19.356,138,
19.36,136,
19.364,138,
19.368,137,
19.372,136,
19.376,139,
19.381,137,
19.385,140,
19.389,140,
19.393,138,
19.397,138,
19.401,139,
19.405,139,
19.409,141,
19.413,141,
19.418,139,
19.422,138,
19.426,139,
19.43,138,
19.435,134,
19.439,134,
19.443,129,
19.448,130,
19.452,131,
19.456,135,
19.46,133,
19.465,131,
19.469,127,
19.473,129,
19.477,130,
19.481,131,
19.485,127,
19.489,128,
19.493,131,
19.497,130,
19.501,132,
19.505,133,
19.509,151,
19.513,134,
19.518,127,
19.522,129,
19.526,128,
19.53,134,
19.534,137,
19.539,135,
19.543,137,
19.547,135,
19.551,136,
19.555,137,
19.559,139,
19.563,138,
19.567,140,
19.572,139,
19.576,137,
19.58,140,
19.584,139,
19.588,139,
19.592,141,
19.596,138,
19.6,139,
19.604,143,
19.608,141,
19.612,172,
19.617,140,
19.621,136,
19.625,139,
19.63,139,
19.634,140,
19.638,140,
19.642,141,
19.646,140,
19.65,140,
19.654,141,
19.658,141,
19.662,142,
19.666,140,
19.67,137,
19.674,140,
19.678,138,
19.682,140,
19.687,140,
19.691,140,
19.695,141,
19.7,137,
19.704,138,
19.708,136,
19.712,138,
19.716,137,
19.72,139,
19.724,140,
19.729,136,
19.733,137,
19.737,141,
19.741,140,
19.745,141,
19.749,137,
19.753,141,
19.757,136,
19.761,139,
19.765,138,
19.769,139,
19.774,138,
19.778,134,
19.782,132,
19.786,130,
19.791,137,
19.795,138,
19.799,137,
19.803,137,
19.807,136,
19.811,139,
19.815,138,
19.819,139,
19.823,135,
19.827,139,
19.831,136,
19.835,141,
19.839,139,
19.844,139,
19.848,140,
19.852,141,
19.856,139,
19.861,139,
19.865,138,
19.87,137,
19.874,139,
19.878,137,
19.882,134,
19.886,137,
19.89,137,
19.894,135,
19.898,130,
19.902,132,
19.906,130,
19.91,134,
19.914,133,
19.918,132,
19.922,134,
19.926,133,
19.931,133,
19.935,129,
19.939,134,
19.943,133,
19.947,134,
19.952,132,
19.956,133,
19.96,136,
19.964,133,
19.968,133,
19.972,133,
19.976,134,
19.98,131,
19.984,132,
19.988,136,
19.992,129,
19.996,133,
20.0,135,
20.004,130,
20.008,131,
20.013,134,
20.017,132,
20.022,138,
20.026,133,
20.03,134,
20.034,134,
20.039,133,
20.043,136,
20.047,134,
20.051,135,
20.055,131,
20.059,133,
20.063,134,
20.067,134,
20.071,134,
20.075,134,
20.079,131,
20.083,134,
20.087,134,
20.091,136,
20.096,136,
20.1,135,
20.104,134,
20.108,137,
20.113,132,
20.117,134,
20.121,130,
20.125,157,
20.129,137,
20.133,136,
20.137,134,
20.141,133,
20.145,133,
20.149,136,
20.153,136,
20.157,135,
20.161,136,
20.165,136,
20.169,135,
20.174,137,
20.178,135,
20.182,131,
20.186,136,
20.19,134,
20.194,136,
20.199,132,
20.203,136,
20.207,134,
20.211,125,
20.215,137,
20.219,135,
20.223,136,
20.227,163,
20.231,137,
20.235,136,
20.239,137,
20.243,134,
20.247,135,
20.251,135,
20.256,135,
20.26,137,
20.264,137,
20.268,137,
20.273,138,
20.277,136,
20.281,138,
20.285,134,
20.289,133,
20.293,136,
20.297,135,
20.301,137,
20.305,135,
20.309,132,
20.313,135,
20.317,139,
20.322,136,
20.326,136,
20.33,151,
20.334,134,
20.338,138,
20.342,135,
20.346,134,
20.351,134,
20.355,138,
20.359,134,
20.363,139,
20.367,134,
20.371,139,
20.376,135,
20.38,134,
20.384,139,
20.388,137,
20.392,135,
20.396,137,
20.4,140,
20.404,137,
20.408,135,
20.412,135,
20.416,136,
20.421,135,
20.425,138,
20.429,136,
20.433,135,
20.438,135,
20.442,134,
20.446,136,
20.45,136,
20.454,135,
20.458,134,
20.462,135,
20.466,132,
20.47,137,
20.474,137,
20.478,135,
20.482,133,
20.486,134,
20.491,132,
20.495,136,
20.499,135,
20.503,136,
20.507,134,
20.511,133,
20.516,132,
20.521,136,
20.525,135,
20.529,134,
20.533,135,
20.537,134,
20.541,134,
20.545,135,
20.549,135,
20.553,134,
20.557,134,
20.561,136,
20.565,136,
20.569,133,
20.573,136,
20.578,136,
20.582,135,
20.586,136,
20.59,134,
20.594,132,
20.599,134,
20.603,135,
20.607,135,
20.611,133,
20.615,134,
20.619,133,
20.623,136,
20.627,134,
20.631,134,
20.635,136,
20.639,136,
20.643,135,
20.647,133,
20.652,134,
20.656,132,
20.66,134,
20.664,133,
20.668,132,
20.672,134,
20.677,134,
20.681,132,
20.685,131,
20.689,133,
20.693,136,
20.697,132,
20.701,135,
20.705,136,
20.709,136,
20.714,133,
20.718,133,
20.722,133,
20.726,131,
20.73,135,
20.734,134,
20.738,134,
20.742,134,
20.746,134,
20.75,132,
20.755,134,
20.759,135,
20.763,132,
20.767,134,
20.771,133,
20.775,134,
20.779,134,
20.783,136,
20.787,132,
20.792,129,
20.796,136,
20.8,131,
20.805,134,
20.809,130,
20.813,128,
20.817,134,
20.821,128,
20.825,131,
20.83,130,
20.834,130,
20.838,130,
20.842,133,
20.846,132,
20.851,132,
20.855,131,
20.859,129,
20.863,130,
20.867,129,
20.871,133,
20.875,130,
20.879,131,
20.883,131,
20.887,131,
20.891,128,
20.895,128,
20.899,131,
20.903,130,
20.908,133,
20.912,131,
20.916,135,
20.92,132,
20.925,131,
20.929,133,
20.933,132,
20.937,132,
20.941,132,
20.945,131,
20.949,131,
20.953,134,
20.957,131,
20.961,130,
20.965,133,
20.969,130,
20.973,129,
20.977,131,
20.982,133,
20.986,131,
20.99,134,
20.994,132,
20.998,133,
21.003,128,
21.007,127,
21.011,130,
21.015,131,
21.02,130,
21.024,129,
21.028,131,
21.032,127,
21.036,131,
21.04,133,
21.044,130,
21.048,130,
21.052,131,
21.056,131,
21.06,135,
21.064,131,
21.068,129,
21.073,132,
21.077,132,
21.081,131,
21.085,133,
21.09,130,
21.094,128,
21.098,129,
21.102,129,
21.106,134,
21.11,128,
21.114,126,
21.118,130,
21.122,132,
21.127,133,
21.131,134,
21.135,131,
21.139,134,
21.143,131,
21.147,134,
21.151,134,
21.155,134,
21.159,132,
21.164,128,
21.168,133,
21.172,133,
21.177,133,
21.181,130,
21.185,132,
21.189,132,
21.193,133,
21.197,129,
21.201,134,
21.205,131,
21.209,130,
21.213,129,
21.217,130,
21.221,130,
21.225,132,
21.23,131,
21.234,132,
21.238,132,
21.242,130,
21.246,132,
21.251,163,
21.255,131,
21.259,132,
21.263,133,
21.267,130,
21.271,130,
21.275,133,
21.279,134,
21.283,129,
21.287,133,
21.291,127,
21.295,131,
21.299,131,
21.303,132,
21.307,127,
21.312,129,
21.316,129,
21.32,131,
21.324,131,
21.329,129,
21.333,128,
21.337,131,
21.341,131,
21.345,130,
21.349,133,
21.354,151,
21.358,133,
21.362,129,
21.366,131,
21.37,131,
21.374,131,
21.378,131,
21.382,129,
21.386,132,
21.39,130,
21.395,130,
21.399,135,
21.403,135,
21.407,130,
21.411,129,
21.416,131,
21.42,130,
21.424,131,
21.428,131,
21.432,130,
21.436,133,
21.44,129,
21.444,126,
21.448,133,
21.452,132,
21.456,151,
21.46,131,
21.464,134,
21.469,131,
21.473,130,
21.477,130,
21.481,133,
21.485,133,
21.489,129,
21.494,131,
21.498,134,
21.502,132,
21.506,129,
21.51,131,
21.514,132,
21.519,131,
21.523,128,
21.528,131,
21.532,134,
21.536,128,
21.54,131,
21.544,132,
21.548,131,
21.552,132,
21.556,127,
21.56,132,
21.564,132,
21.569,133,
21.573,132,
21.577,134,
21.581,128,
21.585,130,
21.589,130,
21.593,128,
21.598,135,
21.602,130,
21.606,132,
21.611,129,
21.615,131,
21.619,131,
21.623,128,
21.627,132,
21.631,131,
21.635,134,
21.639,131,
21.643,130,
21.647,131,
21.651,131,
21.655,129,
21.659,133,
21.663,128,
21.667,129,
21.672,131,
21.676,130,
21.68,130,
21.684,132,
21.689,129,
21.693,134,
21.697,128,
21.701,132,
21.705,130,
21.71,131,
21.714,133,
21.718,130,
21.722,133,
21.726,132,
21.73,131,
21.734,132,
21.738,130,
21.742,129,
21.746,136,
21.75,131,
21.755,131,
21.759,133,
21.763,147,
21.767,132,
21.772,130,
21.776,132,
21.78,134,
21.784,132,
21.788,130,
21.792,126,
21.796,132,
21.8,133,
21.804,133,
21.809,131,
21.813,130,
21.817,130,
21.821,128,
21.825,131,
21.829,130,
21.833,131,
21.837,131,
21.841,130,
21.846,132,
21.85,128,
21.854,130,
21.859,131,
21.863,129,
21.867,130,
21.871,133,
21.875,132,
21.879,128,
21.883,131,
21.887,128,
21.891,129,
21.895,131,
21.899,128,
21.903,130,
21.907,132,
21.911,130,
21.916,131,
21.92,131,
21.924,128,
21.928,131,
21.932,132,
21.937,128,
21.941,129,
21.945,130,
21.949,129,
21.953,130,
21.958,130,
21.962,128,
21.966,130,
21.97,131,
21.974,127,
21.978,133,
21.982,130,
21.986,131,
21.991,132,
21.995,129,
21.999,130,
22.003,129,
22.007,129,
22.011,130,
22.015,130,
22.019,132,
22.023,128,
22.027,128,
22.031,129,
22.036,129,
22.04,128,
22.044,127,
22.048,128,
22.053,134,
22.057,128,
22.061,131,
22.065,128,
22.069,133,
22.073,126,
22.077,127,
22.081,126,
22.085,128,
22.089,130,
22.093,130,
22.097,128,
22.101,126,
22.105,131,
22.109,125,
22.114,127,
22.118,129,
22.122,128,
22.126,130,
22.13,128,
22.134,129,
22.139,126,
22.143,130,
22.147,128,
22.151,128,
22.155,127,
22.159,128,
22.163,128,
22.167,128,
22.171,130,
22.175,129,
22.179,130,
22.183,129,
22.187,129,
22.191,128,
22.195,130,
22.2,131,
22.204,129,
22.208,129,
22.212,128,
22.217,129,
22.221,131,
22.225,128,
22.229,127,
22.233,130,
22.237,128,
22.242,126,
22.246,127,
22.25,130,
22.254,127,
22.258,126,
22.262,130,
22.266,127,
22.27,128,
22.275,159,
22.279,128,
22.283,127,
22.287,128,
22.292,127,
22.296,125,
22.3,128,
22.304,128,
22.308,127,
22.312,128,
22.316,127,
22.32,131,
22.324,127,
22.328,128,
22.332,127,
22.336,127,
22.34,127,
22.344,129,
22.349,127,
22.353,124,
22.357,125,
22.361,130,
22.365,127,
22.369,128,
22.374,130,
22.378,159,
22.382,127,
22.386,126,
22.39,128,
22.394,130,
22.398,126,
22.402,125,
22.406,127,
22.41,127,
22.414,127,
22.419,128,
22.423,129,
22.427,128,
22.431,130,
22.435,127,
22.439,128,
22.443,128,
22.447,127,
22.451,127,
22.455,129,
22.46,128,
22.464,127,
22.468,126,
22.472,128,
22.476,128,
22.48,106,
22.484,129,
22.489,126,
22.493,127,
22.497,130,
22.501,127,
22.505,128,
22.509,126,
22.513,130,
22.517,123,
22.521,128,
22.525,126,
22.53,128,
22.534,127,
22.538,128,
22.542,125,
22.547,127,
22.551,129,
22.555,127,
22.559,128,
22.563,127,
22.567,128,
22.571,128,
22.575,131,
22.579,126,
22.583,127,
22.587,130,
22.591,127,
22.595,126,
22.599,124,
22.604,125,
22.608,126,
22.612,129,
22.616,128,
22.62,128,
22.624,127,
22.629,128,
22.633,127,
22.637,127,
22.641,127,
22.645,130,
22.649,127,
22.653,127,
22.657,129,
22.661,129,
22.665,127,
22.669,128,
22.673,128,
22.677,128,
22.681,129,
22.685,129,
22.69,125,
22.694,127,
22.698,126,
22.702,127,
22.706,127,
22.71,127,
22.714,129,
22.719,129,
22.723,124,
22.727,125,
22.731,127,
22.735,125,
22.739,129,
22.743,129,
22.747,131,
22.751,127,
22.755,127,
22.759,128,
22.763,130,
22.767,129,
22.772,127,
22.776,127,
22.78,128,
22.784,127,
22.789,129,
22.793,127,
22.797,129,
22.801,129,
22.805,126,
22.809,127,
22.813,127,
22.817,128,
22.822,125,
22.826,128,
22.83,127,
22.834,126,
22.838,126,
22.842,128,
22.846,126,
22.851,127,
22.855,128,
22.859,130,
22.863,126,
22.868,126,
22.872,126,
22.876,126,
22.88,126,
22.885,128,
22.889,175,
22.893,125,
22.897,128,
22.901,127,
22.905,127,
22.909,128,
22.913,125,
22.917,128,
22.921,128,
22.925,125,
22.929,128,
22.933,130,
22.937,126,
22.942,124,
22.946,127,
22.95,126,
22.955,130,
22.959,129,
22.963,128,
22.967,126,
22.971,130,
22.975,126,
22.979,127,
22.983,127,
22.987,123,
22.991,183,
22.995,128,
22.999,125,
23.003,127,
23.007,127,
23.012,127,
23.016,129,
23.02,128,
23.024,128,
23.029,127,
23.033,127,
23.037,128,
23.041,129,
23.046,127,
23.05,126,
23.054,127,
23.058,127,
23.062,126,
23.067,124,
23.071,128,
23.075,127,
23.079,127,
23.083,125,
23.087,127,
23.091,130,
23.095,129,
23.099,126,
23.103,129,
23.107,127,
23.112,126,
23.116,125,
23.12,127,
23.125,125,
23.129,127,
23.133,125,
23.137,125,
23.141,126,
23.145,129,
23.149,126,
23.153,127,
23.157,124,
23.161,129,
23.165,127,
23.169,128,
23.174,128,
23.178,125,
23.182,126,
23.186,126,
23.19,126,
23.195,127,
23.199,127,
23.203,125,
23.208,130,
23.212,128,
23.216,126,
23.22,128,
23.246,128,
23.25,123,
23.254,127,
23.258,126,
23.263,128,
23.267,127,
23.271,125,
23.275,127,
23.279,124,
23.283,127,
23.287,125,
23.291,125,
23.295,130,
23.299,111,
23.303,127,
23.308,124,
23.312,126,
23.316,127,
23.32,127,
23.324,125,
23.328,123,
23.332,125,
23.337,124,
23.341,124,
23.345,129,
23.349,126,
23.353,125,
23.357,125,
23.361,125,
23.365,125,
23.37,128,
23.374,126,
23.378,125,
23.382,124,
23.386,125,
23.39,125,
23.394,126,
23.398,125,
23.402,126,
23.406,125,
23.41,124,
23.414,126,
23.42,125,
23.424,126,
23.428,126,
23.432,126,
23.436,129,
23.44,125,
23.444,128,
23.449,123,
23.453,125,
23.457,128,
23.461,122,
23.465,128,
23.469,127,
23.473,128,
23.477,126,
23.481,127,
23.485,123,
23.489,127,
23.493,124,
23.497,126,
23.502,125,
23.506,126,
23.51,128,
23.514,125,
23.519,126,
23.523,125,
23.527,125,
23.531,127,
23.535,128,
23.539,123,
23.543,123,
23.547,124,
23.551,125,
23.555,128,
23.559,125,
23.563,127,
23.567,126,
23.571,125,
23.575,129,
23.58,125,
23.584,127,
23.588,127,
23.592,128,
23.596,125,
23.6,125,
23.604,125,
23.608,124,
23.613,126,
23.617,126,
23.621,124,
23.625,123,
23.629,125,
23.633,128,
23.637,128,
23.641,126,
23.645,126,
23.649,127,
23.653,128,
23.657,127,
23.661,127,
23.665,128,
23.669,123,
23.673,125,
23.677,130,
23.682,127,
23.686,124,
23.69,128,
23.694,125,
23.698,126,
23.702,127,
23.706,125,
23.71,126,
23.714,126,
23.718,128,
23.722,131,
23.726,127,
23.73,124,
23.734,127,
23.738,124,
23.743,129,
23.747,126,
23.751,128,
23.755,128,
23.759,126,
23.763,127,
23.767,125,
23.772,129,
23.776,126,
23.78,129,
23.784,127,
23.788,126,
23.792,125,
23.796,129,
23.8,126,
23.804,126,
23.808,126,
23.812,123,
23.816,126,
23.82,128,
23.824,128,
23.829,126,
23.833,125,
23.837,126,
23.841,129,
23.845,129,
23.849,127,
23.854,127,
23.858,127,
23.862,125,
23.866,126,
23.87,127,
23.874,128,
23.878,127,
23.882,127,
23.886,128,
23.89,126,
23.894,126,
23.898,127,
23.902,127,
23.907,124,
23.912,129,
23.916,125,
23.92,127,
23.924,126,
23.928,127,
23.932,125,
23.936,129,
23.94,130,
23.944,126,
23.949,128,
23.953,125,
23.957,125,
23.961,124,
23.965,126,
23.969,130,
23.973,124,
23.977,128,
23.981,123,
23.985,128,
23.989,129,
23.994,129,
23.998,123,
24.002,127,
24.006,126,
24.01,124,
24.014,127,
24.019,126,
24.023,126,
24.027,127,
24.031,126,
24.035,126,
24.04,127,
24.044,127,
24.048,127,
24.052,125,
24.056,125,
24.06,126,
24.064,126,
24.068,127,
24.072,126,
24.078,124,
24.082,129,
24.086,124,
24.09,124,
24.094,128,
24.099,124,
24.103,126,
24.107,126,
24.111,126,
24.115,125,
24.12,127,
24.125,128,
24.129,127,
24.133,127,
24.137,126,
24.141,128,
24.145,127,
24.149,123,
24.154,127,
24.158,125,
24.162,128,
24.166,125,
24.17,117,
24.174,125,
24.179,127,
24.183,127,
24.187,128,
24.191,125,
24.195,126,
24.199,126,
24.203,123,
24.207,126,
24.211,131,
24.215,125,
24.219,126,
24.223,127,
24.227,127,
24.231,128,
24.236,127,
24.239,124,
24.243,126,
24.247,155,
24.251,152,
24.256,150,
24.26,128,
24.264,125,
24.268,127,
24.273,130,
24.277,129,
24.281,127,
24.286,125,
24.29,127,
24.294,127,
24.298,129,
24.302,129,
24.306,151,
24.31,126,
24.314,141,
24.318,127,
24.322,123,
24.326,129,
24.331,126,
24.335,124,
24.339,127,
24.343,125,
24.347,128,
24.352,123,
24.356,130,
24.36,125,
24.364,126,
24.371,125,
24.375,126,
24.379,127,
24.383,128,
24.387,125,
24.392,126,
24.396,128,
24.4,129,
24.404,126,
24.408,125,
24.412,128,
24.416,127,
24.42,126,
24.424,128,
24.428,124,
24.432,127,
24.436,126,
24.44,127,
24.444,126,
24.448,128,
24.453,127,
24.457,128,
24.461,126,
24.465,126,
24.469,124,
24.473,125,
24.477,130,
24.481,127,
24.486,128,
24.49,126,
24.494,126,
24.498,126,
24.502,125,
24.506,125,
24.51,126,
24.514,128,
24.519,127,
24.523,126,
24.527,126,
24.531,125,
24.535,125,
24.539,127,
24.543,127,
24.547,127,
24.551,128,
24.555,129,
24.56,128,
24.564,126,
24.568,125,
24.572,128,
24.576,128,
24.58,126,
24.584,129,
24.588,125,
24.592,124,
24.596,126,
24.6,131,
24.604,128,
24.609,128,
24.613,129,
24.618,126,
24.622,129,
24.626,126,
24.63,148,
24.635,129,
24.639,125,
24.643,129,
24.647,127,
24.651,129,
24.655,126,
24.659,128,
24.663,128,
24.667,126,
24.671,126,
24.675,128,
24.679,127,
24.684,129,
24.688,129,
24.692,125,
24.696,126,
24.7,128,
24.705,129,
24.709,127,
24.713,127,
24.717,124,
24.721,123,
24.725,127,
24.729,126,
24.733,149,
24.737,127,
24.741,128,
24.745,128,
24.749,128,
24.753,126,
24.757,128,
24.761,128,
24.765,128,
24.769,127,
24.774,127,
24.778,126,
24.782,127,
24.786,127,
24.79,129,
24.794,129,
24.798,127,
24.802,128,
24.806,126,
24.81,127,
24.814,126,
24.818,128,
24.822,123,
24.826,126,
24.83,127,
24.834,146,
24.838,125,
24.843,128,

27.066,130,
27.071,141,
27.075,140,
27.079,141,
27.083,138,
27.087,147,
27.092,139,
27.096,138,
27.1,141,
27.104,141,
27.109,141,
27.113,141,
27.117,142,
27.121,141,
27.126,138,
27.13,140,
27.134,139,
27.138,140,
27.142,140,
27.147,140,
27.151,138,
27.155,139,
27.159,137,
27.163,138,
27.167,143,
27.171,144,
27.175,138,
27.179,139,
27.183,139,
27.188,137,
27.192,143,
27.196,140,
27.201,139,
27.205,141,
27.209,139,
27.213,140,
27.217,143,
27.221,142,
27.225,138,
27.229,137,
27.233,141,
27.237,139,
27.241,140,
27.245,140,
27.249,143,
27.254,140,
27.258,141,
27.262,142,
27.266,137,
27.27,140,
27.275,137,
27.279,140,
27.283,140,
27.287,139,
27.291,140,
27.295,139,
27.299,140,
27.303,140,
27.307,142,
27.311,142,
27.315,139,
27.319,139,
27.323,142,
27.327,142,
27.332,141,
27.336,141,
27.34,138,
27.344,143,
27.349,138,
27.353,139,
27.357,140,
27.361,140,
27.365,139,
27.369,137,
27.373,141,
27.377,139,
27.381,141,
27.385,140,
27.389,139,
27.393,141,
27.398,141,
27.402,141,
27.406,139,
27.41,137,
27.415,138,
27.419,141,
27.423,140,
27.427,142,
27.431,139,
27.435,141,
27.439,139,
27.443,140,
27.447,140,
27.451,141,
27.456,140,
27.46,140,
27.464,140,
27.468,142,
27.472,140,
27.476,139,
27.48,139,
27.484,137,
27.489,138,
27.493,141,
27.497,145,
27.501,140,
27.505,139,
27.509,141,
27.513,136,
27.517,138,
27.521,144,
27.525,139,
27.529,143,
27.533,141,
27.537,141,
27.542,142,
27.546,137,
27.55,144,
27.554,145,
27.558,145,
27.562,142,
27.566,144,
27.57,147,
27.574,148,
27.578,144,
27.582,142,
27.586,141,
27.59,143,
27.594,139,
27.598,137,
27.602,140,
27.606,145,
27.61,143,
27.614,139,
27.618,140,
27.622,143,
27.627,138,
27.631,142,
27.635,140,
27.639,138,
27.643,142,
27.647,140,
27.651,141,
27.655,140,
27.66,142,
27.664,140,
27.668,146,
27.672,142,
27.676,139,
27.68,140,
27.684,143,
27.688,137,
27.692,140,
27.696,140,
27.7,138,
27.704,141,
27.708,140,
27.712,145,
27.716,141,
27.72,140,
27.724,141,
27.729,142,
27.733,141,
27.737,138,
27.741,139,
27.745,147,
27.749,138,
27.753,145,
27.757,145,
27.761,141,
27.765,141,
27.769,140,
27.773,137,
27.777,141,
27.781,139,
27.785,139,
27.789,139,
27.793,142,
27.797,139,
27.801,141,
27.806,143,
27.81,141,
27.814,141,
27.818,143,
27.822,138,
27.826,141,
27.83,143,
27.834,143,
27.838,142,
27.842,139,
27.846,139,
27.85,140,
27.854,141,
27.858,141,
27.862,136,
27.867,143,
27.871,139,
27.875,137,
27.879,144,
27.883,141,
27.887,140,
27.892,141,
27.896,141,
27.9,140,
27.904,141,
27.908,141,
27.912,140,
27.916,140,
27.92,141,
27.924,140,
27.929,143,
27.933,139,
27.937,141,
27.941,140,
27.946,142,
27.95,140,
27.954,141,
27.958,139,
27.962,140,
27.966,140,
27.97,141,
27.974,142,
27.978,142,
27.982,141,
27.986,141,
27.99,140,
27.994,140,
27.998,140,
28.002,140,
28.007,143,
28.011,140,
28.015,143,
28.019,140,
28.023,141,
28.027,142,
28.031,142,
28.035,138,
28.039,144,
28.043,142,
28.047,138,
28.051,140,
28.055,140,
28.059,141,
28.063,141,
28.068,141,
28.072,140,
28.076,143,
28.081,140,
28.085,140,
28.089,140,
28.093,142,
28.097,142,
28.101,140,
28.105,141,
28.109,139,
28.113,140,
28.117,143,
28.121,142,
28.125,140,
28.129,142,
28.134,141,
28.138,142,
28.142,138,
28.146,141,
28.151,140,
28.155,141,
28.159,138,
28.163,139,
28.167,139,
28.171,140,
28.175,139,
28.179,140,
28.183,139,
28.187,140,
28.191,140,
28.195,140,
28.199,141,
28.204,140,
28.208,140,
28.212,141,
28.216,139,
28.221,141,
28.225,138,
28.229,142,
28.233,142,
28.237,137,
28.241,142,
28.245,138,
28.249,141,
28.253,141,
28.257,141,
28.261,139,
28.265,140,
28.269,141,
28.273,140,
28.277,139,
28.281,143,
28.286,140,
28.29,141,
28.294,141,
28.298,139,
28.302,139,
28.306,141,
28.31,141,
28.314,142,
28.318,139,
28.322,143,
28.326,140,
28.33,139,
28.334,141,
28.339,142,
28.343,142,
28.347,139,
28.351,140,
28.355,143,
28.359,140,
28.364,140,
28.368,144,
28.372,138,
28.376,142,
28.38,139,
28.384,140,
28.388,139,
28.392,141,
28.396,139,
28.4,141,
28.404,138,
28.408,137,
28.412,140,
28.416,145,
28.421,142,
28.425,138,
28.429,140,
28.433,142,
28.437,140,
28.441,138,
28.445,140,
28.449,138,
28.453,141,
28.457,142,
28.461,140,
28.465,144,
28.469,139,
28.473,141,
28.477,139,
28.482,138,
28.486,142,
28.49,140,
28.495,139,
28.499,140,
28.503,143,
28.507,143,
28.511,140,
28.515,140,
28.519,139,
28.524,142,
28.528,138,
28.532,139,
28.536,144,
28.54,139,
28.544,140,
28.548,140,
28.552,141,
28.556,142,
28.56,147,
28.564,141,
28.568,143,
28.572,143,
28.576,144,
28.58,143,
28.585,145,
28.589,143,
28.593,138,
28.597,137,
28.601,141,
28.605,139,
28.609,139,
28.613,141,
28.617,143,
28.621,142,
28.625,142,
28.629,144,
28.633,143,
28.637,140,
28.642,139,
28.646,142,
28.65,142,
28.654,144,
28.659,142,
28.663,143,
28.667,138,
28.671,141,
28.675,141,
28.679,134,
28.683,134,
28.687,136,
28.691,137,
28.695,148,
28.699,147,
28.703,131,
28.707,137,
28.711,138,
28.715,139,
28.72,151,
28.724,139,
28.728,141,
28.732,140,
28.737,140,
28.741,137,
28.745,137,
28.749,143,
28.753,141,
28.757,135,
28.761,131,
28.765,128,
28.769,129,
28.773,128,
28.777,128,
28.781,133,
28.785,131,
28.789,130,
28.793,128,
28.798,123,
28.802,126,
28.806,123,
28.81,125,
28.814,124,
28.818,122,
28.822,116,
28.826,115,
28.83,115,
28.834,113,
28.838,113,
28.842,110,
28.846,112,
28.85,111,
28.855,113,
28.859,110,
28.863,105,
28.867,111,
28.871,109,
28.875,108,
28.879,112,
28.883,110,
28.887,110,
28.891,111,
28.895,110,
28.899,112,
28.903,111,
28.907,109,
28.911,110,
28.915,108,
28.92,110,
28.924,109,
28.928,113,
28.933,112,
28.937,112,
28.941,111,
28.945,111,
28.949,110,
28.953,110,
28.957,111,
28.961,110,
28.965,112,
28.969,111,
28.973,110,
28.977,109,
28.981,112,
28.985,110,
28.989,114,
28.993,113,
28.998,114,
29.002,114,
29.006,112,
29.01,112,
29.014,110,
29.018,113,
29.022,110,
29.026,113,
29.03,113,
29.034,110,
29.038,113,
29.042,113,
29.046,115,
29.051,112,
29.055,113,
29.059,113,
29.063,109,
29.067,111,
29.071,115,
29.076,113,
29.08,112,
29.084,113,
29.088,112,
29.092,109,
29.096,113,
29.1,110,
29.104,111,
29.108,110,
29.112,113,
29.116,110,
29.12,109,
29.124,108,
29.128,106,
29.132,111,
29.137,92,
29.141,112,
29.145,111,
29.15,112,
29.154,115,
29.158,111,
29.162,108,
29.166,112,
29.17,109,
29.174,115,
29.178,112,
29.182,112,
29.186,115,
29.19,112,
29.194,114,
29.198,110,
29.202,112,
29.207,114,
29.211,112,
29.215,113,
29.22,114,
29.224,115,
29.228,113,
29.232,115,
29.236,114,
29.24,116,
29.244,113,
29.248,112,
29.252,115,
29.256,116,
29.26,112,
29.264,118,
29.268,115,
29.272,118,
29.277,112,
29.281,110,
29.285,114,
29.289,114,
29.293,115,
29.297,116,
29.301,115,
29.305,113,
29.31,112,
29.314,116,
29.318,116,
29.322,115,
29.326,116,
29.33,115,
29.334,115,
29.338,114,
29.342,116,
29.346,114,
29.351,115,
29.355,116,
29.359,114,
29.363,114,
29.367,117,
29.371,118,
29.375,113,
29.379,116,
29.383,112,
29.387,115,
29.391,114,
29.395,116,
29.399,114,
29.403,114,
29.408,112,
29.412,113,
29.416,115,
29.42,114,
29.424,118,
29.429,115,
29.433,116,
29.437,115,
29.441,112,
29.445,115,
29.449,115,
29.453,118,
29.457,114,
29.461,116,
29.465,117,
29.469,115,
29.473,115,
29.477,116,
29.481,119,
29.486,119,
29.491,115,
29.495,116,
29.499,117,
29.503,118,
29.507,117,
29.511,117,
29.515,115,
29.519,118,
29.523,119,
29.527,119,
29.531,121,
29.535,118,
29.539,118,
29.543,119,
29.547,118,
29.551,122,
29.555,120,
29.56,121,
29.564,119,
29.568,118,
29.572,119,
29.576,117,
29.58,117,
29.584,116,
29.588,115,
29.592,118,
29.596,119,
29.6,117,
29.604,120,
29.608,119,
29.612,123,
29.617,120,
29.621,116,
29.625,121,
29.629,119,
29.634,116,
29.638,122,
29.642,118,
29.646,118,
29.65,119,
29.654,121,
29.658,121,
29.662,121,
29.666,119,
29.67,117,
29.674,119,
29.678,119,
29.682,122,
29.686,117,
29.69,120,
29.694,117,
29.699,120,
29.703,121,
29.707,121,
29.711,120,
29.715,122,
29.719,115,
29.723,124,
29.728,120,
29.732,119,
29.736,119,
29.74,120,
29.744,120,
29.748,119,
29.752,118,
29.756,123,
29.76,122,
29.764,123,
29.768,122,
29.772,121,
29.776,120,
29.78,122,
29.784,118,
29.788,122,
29.792,123,
29.796,124,
29.8,126,
29.804,122,
29.808,123,
29.812,125,
29.816,123,
29.82,120,
29.824,120,
29.829,123,
29.833,121,
29.837,124,
29.842,120,
29.846,121,
29.85,123,
29.854,121,
29.858,124,
29.862,119,
29.866,122,
29.87,122,
29.874,123,
29.878,121,
29.882,124,
29.886,123,
29.89,123,
29.895,122,
29.899,123,
29.903,123,
29.907,123,
29.912,120,
29.916,122,
29.92,123,
29.924,124,
29.928,124,
29.932,125,
29.936,125,
29.94,121,
29.944,125,
29.948,122,
29.952,122,
29.956,128,
29.96,126,
29.964,123,
29.968,125,
29.973,123,
29.977,122,
29.981,119,
29.986,125,
29.99,125,
29.994,125,
29.998,126,
30.002,125,
30.006,124,
30.01,142,
30.014,125,
30.018,124,
30.022,124,
30.026,125,
30.03,124,
30.034,125,
30.039,125,
30.043,128,
30.047,122,
30.052,127,
30.056,123,
30.06,124,
30.064,124,
30.068,123,
30.072,124,
30.076,128,
30.08,124,
30.084,126,
30.088,124,
30.092,130,
30.096,127,
30.1,125,
30.104,124,
30.108,126,
30.113,128,
30.117,128,
30.122,126,
30.126,126,
30.13,123,
30.134,126,
30.138,125,
30.142,127,
30.146,128,
30.15,123,
30.154,127,
30.158,126,
30.162,125,
30.166,127,
30.17,123,
30.174,125,
30.178,126,
30.182,126,
30.187,126,
30.191,123,
30.195,127,
30.199,124,
30.203,128,
30.207,124,
30.211,128,
30.215,125,
30.219,125,
30.223,128,
30.227,123,
30.231,126,
30.235,128,
30.239,125,
30.243,129,
30.248,128,
30.252,127,
30.256,128,
30.26,127,
30.265,126,
30.269,127,
30.273,128,
30.277,127,
30.281,125,
30.285,127,
30.289,126,
30.293,128,
30.297,123,
30.301,123,
30.305,123,
30.309,126,
30.313,129,
30.317,124,
30.321,125,
30.325,123,
30.329,130,
30.334,124,
30.338,127,
30.342,127,
30.346,120,
30.35,129,
30.354,124,
30.359,130,
30.363,125,
30.367,125,
30.371,128,
30.375,129,
30.379,127,
30.383,126,
30.387,125,
30.391,131,
30.395,126,
30.399,126,
30.403,129,
30.407,126,
30.411,124,
30.415,125,
30.42,126,
30.424,127,
30.428,128,
30.433,127,
30.437,126,
30.441,128,
30.445,126,
30.449,128,
30.453,126,
30.457,129,
30.461,125,
30.465,128,
30.469,128,
30.473,125,
30.477,127,
30.481,126,
30.485,127,
30.489,127,
30.494,127,
30.498,127,
30.502,126,
30.506,128,
30.51,126,
30.514,127,
30.518,127,
30.522,130,
30.526,128,
30.53,128,
30.534,126,
30.538,130,
30.542,128,
30.546,130,
30.55,128,
30.555,126,
30.559,125,
30.563,128,
30.567,130,
30.572,128,
30.576,129,
30.58,133,
30.584,128,
30.588,131,
30.592,129,
30.596,130,
30.6,128,
30.604,131,
30.608,128,
30.612,126,
30.617,125,
30.621,129,
30.625,129,
30.629,132,
30.633,126,
30.637,127,
30.641,128,
30.645,128,
30.649,128,
30.653,131,
30.657,129,
30.661,130,
30.665,129,
30.669,132,
30.673,129,
30.678,128,
30.682,126,
30.686,130,
30.69,128,
30.694,127,
30.698,127,
30.702,130,
30.707,126,
30.711,129,
30.715,128,
30.719,127,
30.723,131,
30.727,131,
30.731,128,
30.735,128,
30.739,130,
30.743,128,
30.747,128,
30.751,130,
30.755,126,
30.759,129,
30.763,131,
30.767,127,
30.772,127,
30.776,128,
30.78,129,
30.785,128,
30.789,129,
30.793,127,
30.797,132,
30.801,127,
30.805,129,
30.809,129,
30.813,129,
30.817,130,
30.821,133,
30.825,132,
30.829,129,
30.833,129,
30.837,130,
30.841,130,
30.845,128,
30.85,130,
30.854,131,
30.859,129,
30.863,131,
30.867,133,
30.871,131,
30.875,130,
30.879,129,
30.883,130,
30.887,131,
30.891,131,
30.895,131,
30.899,130,
30.903,127,
30.907,132,
30.911,130,
30.916,129,
30.92,128,
30.924,129,
30.928,127,
30.932,128,
30.937,131,
30.94,129,
30.944,131,
30.948,129,
30.953,132,
30.957,128,
30.961,130,
30.965,130,
30.969,131,
30.973,131,
30.977,128,
30.981,128,
30.985,130,
30.99,131,
30.994,132,
30.998,129,
31.002,131,
31.006,130,
31.01,130,
31.014,130,
31.018,131,
31.022,128,
31.026,129,
31.03,130,
31.034,133,
31.038,131,
31.042,129,
31.047,133,
31.051,130,
31.055,129,
31.059,132,
31.063,129,
31.067,131,
31.071,135,
31.075,131,
31.079,130,
31.083,129,
31.087,130,
31.091,129,
31.095,132,
31.099,128,
31.103,132,
31.107,137,
31.111,131,
31.116,133,
31.12,131,
31.124,131,
31.128,129,
31.133,134,
31.137,131,
31.141,131,
31.145,131,
31.149,129,
31.153,132,
31.157,132,
31.161,132,
31.165,131,
31.169,131,
31.173,132,
31.177,132,
31.181,132,
31.185,132,
31.189,131,
31.193,131,
31.198,134,
31.202,128,
31.206,132,
31.211,130,
31.215,134,
31.219,132,
31.223,132,
31.227,130,
31.231,132,
31.235,130,
31.239,133,
31.243,131,
31.247,131,
31.251,133,
31.255,132,
31.259,131,
31.263,132,
31.268,136,
31.272,130,
31.276,130,
31.28,131,
31.284,130,
31.288,131,
31.292,131,
31.296,131,
31.3,129,
31.305,134,
31.309,130,
31.313,131,
31.317,130,
31.321,131,
31.325,133,
31.329,130,
31.333,132,
31.337,127,
31.342,134,
31.346,132,
31.35,129,
31.354,128,
31.358,130,
31.362,132,
31.366,131,
31.37,129,
31.374,135,
31.378,129,
31.382,132,
31.386,129,
31.39,130,
31.394,132,
31.399,130,
31.403,130,
31.407,134,
31.412,131,
31.416,131,
31.42,130,
31.424,131,
31.428,136,
31.432,130,
31.436,133,
31.44,130,
31.444,133,
31.448,133,
31.452,135,
31.456,134,
31.46,130,
31.464,133,
31.468,132,
31.473,133,
31.477,133,
31.481,132,
31.486,130,
31.49,135,
31.494,133,
31.498,132,
31.502,133,
31.506,130,
31.51,131,
31.514,130,
31.518,129,
31.522,130,
31.526,131,
31.53,129,
31.534,132,
31.538,131,
31.543,137,
31.547,130,
31.551,129,
31.556,131,
31.56,132,
31.564,133,
31.568,130,
31.572,131,
31.576,133,
31.58,132,
31.585,132,
31.589,134,
31.593,152,
31.597,133,
31.601,129,
31.605,130,
31.609,131,
31.613,134,
31.617,133,
31.621,134,
31.626,131,
31.63,133,
31.634,130,
31.638,130,
31.642,132,
31.646,133,
31.65,130,
31.654,132,
31.658,135,
31.662,135,
31.666,131,
31.67,131,
31.675,129,
31.679,134,
31.683,133,
31.687,132,
31.691,131,
31.695,158,
31.699,132,
31.703,133,
31.707,132,
31.711,130,
31.715,133,
31.719,130,
31.724,131,
31.728,131,
31.732,131,
31.736,130,
31.74,131,
31.744,134,
31.748,132,
31.752,133,
31.756,131,
31.76,132,
31.764,134,
31.768,134,
31.773,132,
31.777,133,
31.781,132,
31.785,133,
31.789,133,
31.793,135,
31.797,134,
31.801,134,
31.805,137,
31.809,131,
31.813,132,
31.817,130,
31.821,130,
31.825,132,
31.83,131,
31.834,133,
31.838,132,
31.843,134,
31.847,132,
31.851,128,
31.855,134,
31.859,130,
31.863,131,
31.867,132,
31.871,132,
31.875,130,
31.879,132,
31.883,132,
31.887,133,
31.891,131,
31.895,135,
31.9,130,
31.904,133,
31.908,130,
31.912,130,
31.917,132,
31.921,133,
31.925,132,
31.929,131,
31.933,131,
31.937,131,
31.941,133,
31.945,130,
31.949,131,
31.953,132,
31.957,130,
31.961,134,
31.966,133,
31.97,131,
31.974,131,
31.978,132,
31.982,130,
31.986,134,
31.99,135,
31.994,132,
31.998,131,
32.002,132,
32.006,130,
32.01,133,
32.014,134,
32.018,133,
32.023,132,
32.027,131,
32.03,132,
32.035,128,
32.039,133,
32.043,131,
32.047,129,
32.051,134,
32.055,131,
32.06,134,
32.064,131,
32.068,135,
32.072,131,
32.076,133,
32.08,132,
32.084,134,
32.088,132,
32.092,130,
32.096,133,
32.1,131,
32.104,132,
32.108,129,
32.112,134,
32.116,134,
32.121,131,
32.125,131,
32.129,131,
32.134,133,
32.138,131,
32.142,135,
32.146,136,
32.15,130,
32.154,131,
32.158,131,
32.162,134,
32.166,133,
32.17,132,
32.175,133,
32.179,134,
32.183,134,
32.187,134,
32.191,132,
32.195,132,
32.2,133,
32.204,132,
32.208,148,
32.212,131,
32.216,133,
32.22,134,
32.224,136,
32.228,135,
32.232,132,
32.236,132,
32.24,131,
32.244,136,
32.248,131,
32.253,131,
32.257,132,
32.261,134,
32.265,134,
32.269,132,
32.273,132,
32.277,132,
32.281,130,
32.285,136,
32.289,134,
32.294,134,
32.298,132,
32.302,133,
32.306,133,
32.31,159,
32.314,136,
32.318,134,
32.322,132,
32.326,133,
32.33,134,
32.334,134,
32.338,134,
32.342,135,
32.346,133,
32.351,132,
32.355,135,
32.359,133,
32.363,131,
32.367,133,
32.371,134,
32.375,131,
32.379,133,
32.383,136,
32.387,135,
32.391,133,
32.395,132,
32.399,131,
32.404,133,
32.408,133,
32.412,178,
32.416,130,
32.42,136,
32.425,134,
32.429,135,
32.433,134,
32.437,132,
32.441,132,
32.445,134,
32.449,133,
32.453,131,
32.457,131,
32.461,134,
32.465,131,
32.469,129,
32.473,131,
32.477,129,
32.481,133,
32.485,134,
32.489,134,
32.493,133,
32.498,134,
32.502,129,
32.506,134,
32.51,131,
32.514,130,
32.518,133,
32.522,134,
32.526,131,
32.53,134,
32.534,134,
32.538,134,
32.542,132,
32.546,131,
32.55,132,
32.554,134,
32.558,132,
32.562,135,
32.567,132,
32.571,135,
32.575,132,
32.579,133,
32.583,133,
32.587,130,
32.591,134,
32.595,133,
32.599,132,
32.603,133,
32.607,132,
32.611,132,
32.615,132,
32.619,137,
32.623,133,
32.628,132,
32.632,136,
32.636,131,
32.64,131,
32.644,133,
32.648,132,
32.652,133,
32.657,133,
32.661,134,
32.665,136,
32.669,135,
32.673,131,
32.677,134,
32.681,136,
32.685,134,
32.689,131,
32.693,129,
32.698,133,
32.703,133,
32.707,133,
32.711,132,
32.716,131,
32.72,156,
32.724,133,
32.728,135,
32.732,136,
32.736,132,
32.74,135,
32.744,131,
32.748,135,
32.752,134,
32.756,132,
32.76,133,
32.764,132,
32.768,135,
32.772,132,
32.777,130,
32.781,132,
32.785,132,
32.789,135,
32.793,133,
32.797,133,
32.801,133,
32.805,131,
32.809,133,
32.813,133,
32.817,133,
32.822,150,
32.826,135,
32.83,133,
32.834,133,
32.838,131,
32.842,131,
32.846,132,
32.85,134,
32.854,131,
32.858,132,
32.862,133,
32.866,133,
32.87,135,
32.875,131,
32.879,135,
32.883,131,
32.887,130,
32.891,132,
32.895,134,
32.899,132,
32.903,131,
32.907,130,
32.911,132,
32.915,131,
32.919,134,
32.924,134,
32.928,132,
32.932,134,
32.936,131,
32.94,134,
32.944,133,
32.948,134,
32.952,132,
32.956,136,
32.96,130,
32.965,136,
32.969,133,
32.973,132,
32.977,134,
32.981,132,
32.985,134,
32.989,133,
32.994,133,
32.998,130,
33.003,130,
33.007,132,
33.011,132,
33.015,135,
33.019,132,
33.023,133,
33.027,167,
33.031,136,
33.035,133,
33.039,134,
33.043,136,
33.047,134,
33.051,134,
33.055,134,
33.06,134,
33.064,135,
33.068,135,
33.072,130,
33.076,133,
33.08,135,
33.084,132,
33.088,130,
33.093,134,
33.097,133,
33.101,131,
33.105,135,
33.109,135,
33.113,135,
33.117,131,
33.121,131,
33.125,134,
33.129,159,
33.134,133,
33.138,135,
33.142,131,
33.146,135,
33.15,132,
33.154,132,
33.158,131,
33.162,136,
33.166,133,
33.17,132,
33.174,132,
33.178,131,
33.182,132,
33.186,132,
33.19,134,
33.194,133,
33.198,132,
33.202,132,
33.207,133,
33.211,132,
33.215,133,
33.219,132,
33.224,134,
33.228,134,
33.232,172,
33.236,134,
33.24,134,
33.244,132,
33.248,135,
33.252,135,
33.257,132,
33.261,132,
33.265,134,
33.269,133,
33.273,132,
33.277,132,
33.281,131,
33.285,133,
33.289,131,
33.293,135,
33.297,133,
33.301,134,
33.305,135,
33.309,133,
33.313,135,
33.317,133,
33.322,135,
33.326,133,
33.33,131,
33.335,171,
33.339,136,
33.343,133,
33.347,130,
33.351,133,
33.355,133,
33.359,132,
33.363,135,
33.367,133,
33.371,132,
33.375,132,
33.379,133,
33.383,133,
33.387,135,
33.391,132,
33.395,132,
33.399,134,
33.403,133,
33.408,132,
33.412,131,
33.416,133,
33.42,132,
33.425,133,
33.429,136,
33.433,133,
33.437,127,
33.441,134,
33.445,134,
33.449,135,
33.453,132,
33.457,131,
33.461,132,
33.465,134,
33.469,135,
33.473,132,
33.477,134,
33.481,135,
33.485,135,
33.49,135,
33.494,134,
33.498,130,
33.502,135,
33.507,132,
33.511,134,
33.515,132,
33.519,134,
33.523,134,
33.527,133,
33.531,135,
33.535,134,
33.539,161,
33.543,133,
33.547,134,
33.551,130,
33.555,134,
33.559,133,
33.563,134,
33.568,135,
33.572,134,
33.576,138,
33.58,132,
33.584,136,
33.588,133,
33.592,134,
33.596,133,
33.6,132,
33.604,132,
33.608,134,
33.612,135,
33.616,132,
33.62,133,
33.624,133,
33.628,133,
33.632,132,
33.637,135,
33.641,144,
33.645,134,
33.65,134,
33.654,134,
33.658,135,
33.662,134,
33.666,131,
33.67,132,
33.674,133,
33.678,132,
33.682,130,
33.686,131,
33.69,132,
33.694,132,
33.698,131,
33.702,133,
33.706,133,
33.71,134,
33.715,135,
33.719,136,
33.723,134,
33.727,136,
33.731,134,
33.735,135,
33.739,136,
33.743,153,
33.747,132,
33.751,133,
33.755,133,
33.759,133,
33.763,135,
33.767,136,
33.771,134,
33.776,135,
33.78,134,
33.784,135,
33.788,134,
33.792,136,
33.796,135,
33.8,135,
33.804,135,
33.808,133,
33.812,136,
33.816,133,
33.82,135,
33.824,135,
33.828,137,
33.832,134,
33.836,136,
33.84,135,
33.844,135,
33.849,136,
33.853,135,
33.857,134,
33.861,133,
33.865,136,
33.869,134,
33.873,135,
33.877,136,
33.881,136,
33.886,137,
33.89,135,
33.894,134,
33.898,136,
33.902,133,
33.906,134,
33.91,136,
33.914,134,
33.918,133,
33.922,136,
33.926,135,
33.931,136,
33.935,135,
33.939,138,
33.943,134,
33.947,133,
33.951,134,
33.955,134,
33.959,137,
33.963,133,
33.967,135,
33.971,132,
33.975,133,
33.979,133,
33.983,134,
33.987,131,
33.991,137,
33.996,132,
34.0,134,
34.004,135,
34.009,135,
34.013,132,
34.017,135,
34.021,134,
34.025,134,
34.029,134,
34.033,136,
34.037,130,
34.041,134,
34.045,132,
34.049,135,
34.053,132,
34.057,134,
34.061,133,
34.065,133,
34.069,136,
34.073,134,
34.078,136,
34.082,133,
34.086,133,
34.09,135,
34.094,133,
34.098,137,
34.102,134,
34.106,130,
34.11,130,
34.114,133,
34.118,135,
34.122,134,
34.126,133,
34.13,136,
34.134,135,
34.138,132,
34.142,135,
34.147,135,
34.151,133,
34.155,133,
34.159,135,
34.163,133,
34.168,131,
34.172,138,
34.176,134,
34.18,133,
34.184,133,
34.188,134,
34.192,132,
34.196,134,
34.201,134,
34.206,136,
34.212,133,
34.216,133,
34.22,134,
34.224,133,
34.229,135,
34.233,134,
34.237,135,
34.242,133,
34.246,136,
34.25,131,
34.254,132,
34.258,134,
34.262,133,
34.266,133,
34.27,136,
34.274,134,
34.278,134,
34.282,133,
34.287,136,
34.291,135,
34.295,135,
34.299,135,
34.303,132,
34.307,132,
34.311,132,
34.315,134,
34.319,135,
34.324,135,
34.328,136,
34.332,135,
34.336,134,
34.34,132,
34.344,131,
34.348,135,
34.352,133,
34.356,134,
34.36,134,
34.364,135,
34.368,136,
34.373,134,
34.377,130,
34.381,138,
34.385,133,
34.389,136,
34.393,132,
34.397,135,
34.401,135,
34.405,136,
34.409,138,
34.413,135,
34.417,135,
34.421,135,
34.425,135,
34.429,138,
34.433,135,
34.438,134,
34.443,136,
34.447,134,
34.452,132,
34.456,134,
34.46,149,
34.464,134,
34.468,135,
34.472,135,
34.476,137,
34.48,136,
34.484,132,
34.488,138,
34.492,132,
34.496,135,
34.5,134,
34.504,137,
34.508,136,
34.513,134,
34.517,133,
34.521,133,
34.525,135,
34.53,137,
34.534,134,
34.538,147,
34.542,136,
34.546,130,
34.55,136,
34.554,131,
34.558,133,
34.562,142,
34.566,137,
34.57,128,
34.574,135,
34.578,134,
34.582,137,
34.586,134,
34.591,135,
34.595,131,
34.599,136,
34.603,155,
34.607,149,
34.611,132,
34.615,133,
34.619,135,
34.623,136,
34.627,135,
34.631,137,
34.635,134,
34.639,133,
34.643,132,
34.647,133,
34.652,134,
34.656,134,
34.66,134,
34.664,137,
34.669,137,
34.673,136,
34.677,135,
34.681,133,
34.685,134,
34.689,134,
34.693,132,
34.697,135,
34.701,136,
34.705,135,
34.709,135,
34.713,135,
34.717,135,
34.721,132,
34.726,134,
34.73,136,
34.734,137,
34.739,137,
34.743,136,
34.747,136,
34.751,137,
34.755,138,
34.759,135,
34.763,134,
34.767,131,
34.771,136,
34.775,133,
34.779,137,
34.783,136,
34.787,135,
34.791,133,
34.795,135,
34.799,135,
34.804,136,
34.808,131,
34.813,136,
34.817,134,
34.821,132,
34.825,137,
34.83,135,
34.834,135,
34.838,134,
34.842,133,
34.846,141,
34.85,155,
34.854,154,
34.859,136,
34.863,135,
34.867,137,
34.871,152,
34.875,135,
34.879,137,
34.883,134,
34.887,135,
34.891,132,
34.895,133,
34.899,136,
34.903,135,
34.907,136,
34.911,136,
34.916,135,
34.92,133,
34.924,133,
34.928,135,
34.932,133,
34.936,134,
34.94,135,
34.944,133,
34.948,133,
34.952,135,
34.956,134,
34.96,137,
34.964,135,
34.969,135,
34.973,155,
34.977,135,
34.982,134,
34.986,138,
34.99,139,
34.994,137,
34.998,134,
35.002,137,
35.006,139,
35.01,137,
35.014,134,
35.018,135,
35.022,134,
35.026,137,
35.03,138,
35.034,137,
35.038,133,
35.042,136,
35.047,135,
35.051,140,
35.055,139,
35.059,135,
35.063,138,
35.067,138,
35.071,137,
35.075,153,
35.079,137,
35.083,137,
35.087,137,
35.091,136,
35.095,134,
35.099,139,
35.104,138,
35.108,138,
35.112,136,
35.116,137,
35.121,138,
35.125,136,
35.129,136,
35.133,137,
35.137,137,
35.141,138,
35.145,139,
35.15,139,
35.154,136,
35.158,134,
35.162,136,
35.166,137,
35.17,136,
35.174,138,
35.178,154,
35.182,138,
35.186,136,
35.19,140,
35.194,135,
35.198,137,
35.203,140,
35.207,134,
35.211,139,
35.215,136,
35.219,138,
35.223,138,
35.227,138,
35.231,137,
35.235,137,
35.239,135,
35.243,137,
35.247,139,
35.251,136,
35.255,138,
35.259,136,
35.263,139,
35.268,140,
