0.01,12,
0.014,12,
0.019,15,
0.023,15,
0.028,13,
0.033,14,
0.038,14,
0.043,13,
0.047,14,
0.052,12,
0.056,13,
0.06,13,
0.064,12,
0.068,13,
0.072,11,
0.076,11,
0.081,13,
0.085,15,
0.091,14,
0.096,8,
0.1,14,
0.104,13,
0.108,13,
0.112,13,
0.116,14,
0.12,11,
0.124,15,
0.129,12,
0.133,12,
0.137,14,
0.141,14,
0.145,15,
0.149,12,
0.153,10,
0.157,15,
0.161,15,
0.166,11,
0.17,12,
0.174,14,
0.178,11,
0.182,12,
0.186,14,
0.19,12,
0.194,14,
0.199,5,
0.203,9,
0.207,14,
0.211,12,
0.216,13,
0.22,13,
0.224,15,
0.228,15,
0.232,12,
0.236,14,
0.24,13,
0.244,11,
0.248,15,
0.252,16,
0.257,15,
0.261,15,
0.265,14,
0.269,11,
0.273,14,
0.277,14,
0.282,12,
0.286,15,
0.29,12,
0.294,14,
0.298,12,
0.303,9,
0.307,17,
0.311,15,
0.315,11,
0.319,13,
0.324,17,
0.328,14,
0.332,12,
0.337,16,
0.341,13,
0.345,14,
0.349,13,
0.353,11,
0.357,14,
0.361,13,
0.366,12,
0.37,13,
0.374,13,
0.378,10,
0.382,10,
0.387,14,
0.391,13,
0.395,13,
0.399,12,
0.403,1,
0.407,14,
0.411,17,
0.415,12,
0.42,14,
0.424,11,
0.428,16,
0.432,16,
0.437,11,
0.441,11,
0.445,12,
0.449,14,
0.453,15,
0.458,15,
0.462,12,
0.466,13,
0.47,9,
0.474,13,
0.478,12,
0.483,10,
0.487,16,
0.491,13,
0.495,13,
0.499,8,
0.504,13,
0.508,16,
0.512,14,
0.516,15,
0.521,13,
0.525,11,
0.529,15,
0.533,14,
0.537,12,
0.541,12,
0.545,14,
0.55,16,
0.554,16,
0.558,11,
0.562,14,
0.567,11,
0.571,13,
0.575,11,
0.579,17,
0.583,14,
0.587,14,
0.592,17,
0.596,17,
0.6,11,
0.604,15,
0.608,253,
0.612,14,
0.616,13,
0.621,12,
0.625,12,
0.629,13,
0.633,13,
0.637,13,
0.641,13,
0.646,16,
0.65,13,
0.654,15,
0.658,14,
0.662,10,
0.666,10,
0.67,11,
0.674,15,
0.678,14,
0.682,16,
0.687,12,
0.691,14,
0.695,14,
0.699,12,
0.703,17,
0.707,9,
0.712,12,
0.716,15,
0.72,11,
0.724,12,
0.728,13,
0.732,11,
0.736,12,
0.74,13,
0.744,12,
0.748,14,
0.753,13,
0.757,16,
0.761,12,
0.765,12,
0.769,15,
0.773,15,
0.777,16,
0.781,14,
0.786,14,
0.79,15,
0.794,13,
0.798,14,
0.802,14,
0.806,12,
0.81,11,
0.814,15,
0.818,13,
0.823,11,
0.827,14,
0.831,13,
0.835,13,
0.839,13,
0.843,9,
0.847,12,
0.851,14,
0.856,13,
0.86,14,
0.864,17,
0.868,11,
0.872,14,
0.876,13,
0.88,10,
0.885,13,
0.889,16,
0.893,12,
0.897,16,
0.901,14,
0.905,14,
0.91,14,
0.914,15,
0.918,15,
0.922,13,
0.926,14,
0.931,10,
0.935,17,
0.939,15,
0.943,13,
0.947,12,
0.951,12,
0.955,13,
0.959,12,
0.963,11,
0.968,12,
0.972,14,
0.976,15,
0.98,16,
0.984,13,
0.988,14,
0.993,13,
0.997,16,
1.001,11,
1.005,14,
1.009,12,
1.013,15,
1.017,60,
1.021,13,
1.025,16,
1.03,4,
1.034,13,
1.038,13,
1.042,11,
1.046,12,
1.05,10,
1.054,11,
1.058,10,
1.062,15,
1.066,15,
1.07,13,
1.074,14,
1.078,14,
1.083,15,
1.087,12,
1.091,13,
1.095,14,
1.099,16,
1.103,14,
1.108,12,
1.112,16,
1.116,14,
1.12,13,
1.125,11,
1.129,13,
1.133,14,
1.137,14,
1.141,14,
1.146,16,
1.15,14,
1.154,15,
1.158,14,
1.162,14,
1.166,13,
1.171,11,
1.175,14,
1.179,14,
1.183,13,
1.187,11,
1.191,15,
1.195,10,
1.199,12,
1.204,14,
1.208,16,
1.213,13,
1.217,17,
1.222,11,
1.227,14,
1.231,10,
1.235,12,
1.239,14,
1.243,17,
1.247,16,
1.252,17,
1.256,14,
1.261,13,
1.265,14,
1.269,11,
1.273,15,
1.277,11,
1.281,15,
1.287,16,
1.291,14,
1.295,10,
1.299,13,
1.303,13,
1.307,14,
1.311,11,
1.316,14,
1.32,16,
1.324,14,
1.328,13,
1.332,12,
1.337,12,
1.341,12,
1.345,12,
1.349,14,
1.353,11,
1.358,17,
1.362,16,
1.366,14,
1.37,13,
1.374,17,
1.379,11,
1.383,14,
1.387,14,
1.391,13,
1.396,10,
1.4,13,
1.404,16,
1.408,13,
1.412,14,
1.416,10,
1.421,12,
1.425,14,
1.429,12,
1.433,18,
1.438,14,
1.442,14,
1.446,14,
1.451,13,
1.455,13,
1.459,11,
1.463,13,
1.467,12,
1.471,13,
1.475,15,
1.483,16,
1.488,13,
1.492,14,
1.497,12,
1.501,15,
1.505,15,
1.51,14,
1.514,10,
1.518,11,
1.522,11,
1.526,13,
1.53,10,
1.534,12,
1.538,14,
1.542,15,
1.546,14,
1.551,12,
1.555,16,
1.559,12,
1.563,12,
1.567,9,
1.571,14,
1.575,17,
1.579,16,
1.583,13,
1.588,13,
1.592,14,
1.596,11,
1.6,13,
1.604,12,
1.608,13,
1.612,12,
1.616,15,
1.62,16,
1.624,14,
1.628,15,
1.632,16,
1.636,10,
1.641,13,
1.645,14,
1.649,12,
1.653,15,
1.657,11,
1.661,12,
1.665,13,
1.67,13,
1.674,11,
1.678,14,
1.682,15,
1.686,14,
1.69,14,
1.694,16,
1.698,12,
1.703,14,
1.707,16,
1.711,15,
1.715,12,
1.719,15,
1.723,14,
1.727,14,
1.731,13,
1.735,16,
1.739,10,
1.744,16,
1.748,14,
1.752,14,
1.756,11,
1.76,16,
1.764,14,
1.769,12,
1.773,13,
1.777,12,
1.781,13,
1.785,11,
1.79,13,
1.794,10,
1.798,15,
1.802,15,
1.806,14,
1.81,12,
1.814,15,
1.819,11,
1.823,15,
1.827,13,
1.831,12,
1.835,13,
1.839,13,
1.844,16,
1.848,15,
1.853,14,
1.857,12,
1.861,11,
1.865,14,
1.869,12,
1.874,11,
1.878,11,
1.882,11,
1.886,13,
1.891,13,
1.895,14,
1.899,12,
1.904,15,
1.908,11,
1.912,14,
1.916,11,
1.92,10,
1.924,14,
1.929,13,
1.933,14,
1.937,13,
1.941,13,
1.945,15,
1.949,11,
1.953,13,
1.958,15,
1.962,14,
1.966,16,
1.97,14,
1.974,14,
1.978,11,
1.982,15,
1.987,12,
1.991,12,
1.995,14,
1.999,11,
2.003,15,
2.007,12,
2.011,16,
2.015,15,
2.02,13,
2.024,10,
2.028,13,
2.032,12,
2.036,11,
2.04,15,
2.044,14,
2.049,15,
2.053,12,
2.057,16,
2.061,12,
2.065,15,
2.069,12,
2.073,14,
2.077,12,
2.081,13,
2.086,15,
2.09,12,
2.094,13,
2.098,12,
2.102,11,
2.106,14,
2.111,12,
2.115,14,
2.119,13,
2.123,13,
2.128,12,
2.132,10,
2.136,12,
2.14,14,
2.144,230,
2.148,13,
2.153,14,
2.157,14,
2.161,12,
2.165,13,
2.169,11,
2.173,13,
2.178,11,
2.182,12,
2.186,16,
2.19,14,
2.194,12,
2.198,13,
2.202,13,
2.206,12,
2.21,13,
2.214,15,
2.218,15,
2.222,13,
2.226,16,
2.231,16,
2.235,15,
2.239,13,
2.243,14,
2.247,12,
2.252,12,
2.256,13,
2.26,14,
2.264,15,
2.268,17,
2.272,16,
2.276,15,
2.28,13,
2.284,17,
2.288,15,
2.292,15,
2.296,14,
2.301,15,
2.305,15,
2.309,9,
2.313,14,
2.318,12,
2.322,12,
2.326,12,
2.33,12,
2.334,12,
2.339,14,
2.343,14,
2.347,14,
2.351,26,
2.355,11,
2.359,14,
2.364,14,
2.368,13,
2.372,12,
2.376,11,
2.38,14,
2.384,12,
2.388,13,
2.392,15,
2.397,13,
2.401,14,
2.405,12,
2.409,11,
2.413,14,
2.418,11,
2.422,13,
2.426,10,
2.43,14,
2.434,13,
2.438,15,
2.442,15,
2.446,13,
2.451,48,
2.455,12,
2.46,13,
2.464,12,
2.468,12,
2.472,11,
2.476,12,
2.48,11,
2.484,15,
2.488,12,
2.493,13,
2.497,16,
2.501,13,
2.505,15,
2.509,15,
2.513,23,
2.517,18,
2.521,13,
2.526,14,
2.53,15,
2.534,13,
2.538,55,
2.542,14,
2.546,11,
2.55,14,
2.555,240,
2.559,14,
2.564,13,
2.568,16,
2.572,11,
2.576,15,
2.58,13,
2.584,13,
2.588,15,
2.593,13,
2.597,11,
2.602,14,
2.606,15,
2.611,17,
2.616,14,
2.621,13,
2.626,14,
2.631,47,
2.635,44,
2.64,15,
2.644,12,
2.648,12,
2.652,14,
2.657,24,
2.661,11,
2.665,14,
2.669,15,
2.673,15,
2.677,14,
2.681,15,
2.686,11,
2.69,14,
2.694,15,
2.698,14,
2.702,17,
2.707,12,
2.711,15,
2.715,16,
2.719,12,
2.723,13,
2.728,13,
2.732,13,
2.736,12,
2.74,0,
2.744,13,
2.748,10,
2.752,13,
2.757,14,
2.761,12,
2.765,11,
2.769,11,
2.773,12,
2.777,14,
2.781,250,
2.786,11,
2.79,9,
2.794,10,
2.798,12,
2.802,15,
2.806,13,
2.811,15,
2.815,13,
2.819,11,
2.823,12,
2.827,13,
2.831,9,
2.836,15,
2.84,14,
2.844,14,
2.848,12,
2.852,13,
2.857,15,
2.861,69,
2.865,12,
2.869,15,
2.873,16,
2.877,13,
2.881,13,
2.886,11,
2.89,14,
2.894,10,
2.898,13,
2.902,14,
2.906,12,
2.91,14,
2.915,11,
2.919,14,
2.923,12,
2.927,12,
2.931,12,
2.936,14,
2.94,8,
2.944,11,
2.948,13,
2.952,12,
2.956,13,
2.961,12,
2.965,14,
2.97,14,
2.974,13,
2.978,14,
2.983,13,
2.987,11,
2.991,15,
2.995,17,
2.999,14,
3.004,17,
3.008,13,
3.012,13,
3.016,12,
3.02,14,
3.024,11,
3.028,14,
3.032,13,
3.037,13,
3.041,14,
3.045,11,
3.049,13,
3.053,14,
3.057,14,
3.061,15,
3.066,70,
3.07,9,
3.074,13,
3.078,25,
3.082,44,
3.087,17,
3.091,14,
3.095,17,
3.099,11,
3.103,13,
3.107,13,
3.112,14,
3.116,11,
3.12,12,
3.124,15,
3.128,15,
3.132,81,
3.136,64,
3.141,16,
3.145,15,
3.149,13,
3.153,13,
3.157,14,
3.161,16,
3.166,11,
3.17,241,
3.174,12,
3.178,70,
3.182,12,
3.186,2,
3.191,17,
3.195,13,
3.199,12,
3.203,11,
3.207,10,
3.211,10,
3.216,13,
3.22,13,
3.224,13,
3.228,14,
3.232,12,
3.237,13,
3.241,14,
3.245,10,
3.249,12,
3.254,14,
3.258,10,
3.262,12,
3.266,12,
3.27,69,
3.274,13,
3.278,13,
3.283,26,
3.287,14,
3.291,12,
3.296,12,
3.3,13,
3.304,12,
3.308,11,
3.312,12,
3.316,14,
3.32,13,
3.324,14,
3.328,10,
3.333,16,
3.337,13,
3.341,11,
3.346,15,
3.35,13,
3.354,15,
3.358,14,
3.362,47,
3.367,13,
3.371,13,
3.375,12,
3.379,12,
3.383,16,
3.388,12,
3.392,10,
3.396,10,
3.401,11,
3.405,15,
3.409,12,
3.413,15,
3.418,14,
3.422,12,
3.426,10,
3.43,12,
3.434,13,
3.438,3,
3.444,10,
3.448,9,
3.452,13,
3.456,10,
3.46,10,
3.465,15,
3.469,13,
3.473,12,
3.477,7,
3.481,11,
3.485,13,
3.489,14,
3.493,16,
3.498,14,
3.502,13,
3.506,13,
3.51,12,
3.514,12,
3.518,9,
3.522,11,
3.526,11,
3.53,15,
3.534,14,
3.538,13,
3.542,14,
3.546,14,
3.551,11,
3.555,11,
3.559,13,
3.563,11,
3.567,22,
3.571,12,
3.575,11,
3.58,11,
3.584,10,
3.588,9,
3.592,12,
3.596,14,
3.6,15,
3.604,10,
3.608,12,
3.612,13,
3.617,23,
3.621,13,
3.625,14,
3.629,12,
3.633,11,
3.637,14,
3.641,13,
3.646,11,
3.65,13,
3.654,11,
3.658,15,
3.662,11,
3.666,13,
3.67,12,
3.674,252,
3.678,11,
3.683,11,
3.687,14,
3.691,11,
3.695,11,
3.699,12,
3.703,13,
3.707,10,
3.711,11,
3.715,11,
3.719,19,
3.723,12,
3.728,11,
3.732,13,
3.736,12,
3.74,14,
3.744,14,
3.748,13,
3.752,10,
3.756,12,
3.76,10,
4.82,12,
4.824,10,
4.829,10,
4.833,9,
4.837,7,
4.841,12,
4.846,9,
4.85,10,
4.854,10,
4.858,9,
4.863,10,
4.867,11,
4.871,12,
4.876,15,
4.88,13,
4.884,11,
4.888,12,
4.892,11,
4.897,12,
4.901,12,
4.905,11,
4.909,227,
4.913,11,
4.918,11,
4.922,9,
4.926,10,
4.931,13,
4.935,14,
4.939,10,
4.944,15,
4.948,11,
4.952,11,
4.956,10,
4.96,8,
4.964,10,
4.968,12,
4.972,9,
4.977,13,
4.981,13,
4.986,7,
4.99,14,
4.994,11,
4.998,9,
5.002,6,
5.006,13,
5.01,11,
5.014,9,
5.018,14,
5.022,9,
5.028,12,
5.032,14,
5.036,10,
5.04,8,
5.044,8,
5.048,9,
5.052,10,
5.056,11,
5.06,12,
5.064,12,
5.068,14,
5.072,13,
5.076,11,
5.08,11,
5.084,12,
5.089,12,
5.093,14,
5.097,12,
5.101,12,
5.105,10,
5.109,11,
5.113,11,
5.117,13,
5.121,15,
5.125,12,
5.13,12,
5.134,15,
5.138,12,
5.142,11,
5.146,9,
5.15,9,
5.155,8,
5.159,6,
5.163,7,
5.167,10,
5.171,12,
5.175,12,
5.179,9,
5.183,11,
5.188,12,
5.192,11,
5.196,11,
5.2,11,
5.204,10,
5.208,14,
5.212,11,
5.217,248,
5.221,10,
5.226,14,
5.23,9,
5.235,11,
5.239,9,
5.243,10,
5.248,10,
5.252,11,
5.256,9,
5.26,9,
5.264,10,
5.268,11,
5.272,10,
5.276,11,
5.28,9,
5.284,9,
5.288,9,
5.292,15,
5.297,9,
5.301,8,
5.306,13,
5.31,11,
5.314,9,
5.318,122,
5.322,10,
5.326,248,
5.33,12,
5.334,8,
5.338,10,
5.342,10,
5.347,9,
5.351,13,
5.356,12,
5.36,10,
5.365,10,
5.369,9,
5.373,8,
5.377,8,
5.382,6,
5.386,6,
5.39,5,
5.394,7,
5.398,8,
5.402,9,
5.406,4,
5.411,8,
5.415,6,
5.419,6,
5.423,8,
5.427,1,
5.431,0,
5.436,3,
5.44,2,
5.444,0,
5.448,1,
5.452,0,
5.456,255,
5.46,0,
5.464,0,
5.469,1,
5.473,253,
5.477,255,
5.481,250,
5.485,253,
5.489,251,
5.493,249,
5.497,250,
5.502,252,
5.506,252,
5.51,253,
5.514,245,
5.518,248,
5.522,244,
5.526,248,
5.53,248,
5.534,247,
5.538,245,
5.542,245,
5.547,245,
5.551,245,
5.555,245,
5.559,243,
5.563,247,
5.567,242,
5.571,243,
5.576,246,
5.58,244,
5.584,243,
5.588,244,
5.592,244,
5.596,242,
5.6,243,
5.604,243,
5.608,243,
5.612,244,
5.616,244,
5.62,248,
5.625,241,
5.629,242,
5.633,244,
5.637,240,
5.641,244,
5.645,246,
5.649,244,
5.653,242,
5.657,243,
5.662,239,
5.666,242,
5.67,242,
5.674,245,
5.678,245,
5.682,244,
5.686,244,
5.691,243,
5.695,243,
5.699,243,
5.703,244,
5.708,241,
5.712,239,
5.716,240,
5.72,245,
5.724,245,
5.729,245,
5.733,244,
5.737,245,
5.741,248,
5.745,242,
5.749,243,
5.753,244,
5.757,245,
5.761,246,
5.765,236,
5.769,243,
5.773,246,
5.778,245,
5.782,244,
5.786,244,
5.79,244,
5.794,243,
5.798,241,
5.803,248,
5.807,244,
5.811,245,
5.815,247,
5.819,243,
5.823,246,
5.827,243,
5.831,243,
5.835,244,
5.839,244,
5.843,241,
5.847,238,
5.851,245,
5.856,246,
5.86,244,
5.864,243,
5.868,242,
5.872,241,
5.876,246,
5.88,246,
5.884,243,
5.889,244,
5.893,243,
5.897,246,
5.901,243,
5.905,246,
5.909,243,
5.913,244,
5.917,245,
5.921,240,
5.925,247,
5.929,245,
5.934,244,
5.938,241,
5.942,195,
5.946,245,
5.95,243,
5.954,244,
5.958,241,
5.962,244,
5.967,243,
5.971,246,
5.975,243,
5.979,238,
5.983,246,
5.987,241,
5.992,241,
5.996,246,
6.0,245,
6.004,240,
6.008,245,
6.012,241,
6.016,243,
6.02,245,
6.025,242,
6.029,242,
6.033,246,
6.037,246,
6.041,245,
6.045,245,
6.049,245,
6.053,245,
6.057,244,
6.061,245,
6.065,244,
6.069,242,
6.074,242,
6.078,245,
6.082,243,
6.086,243,
6.09,243,
6.094,246,
6.098,245,
6.102,248,
6.107,245,
6.111,246,
6.115,244,
6.119,245,
6.123,245,
6.127,244,
6.132,245,
6.136,245,
6.14,245,
6.144,244,
6.148,242,
6.152,246,
6.156,243,
6.161,247,
6.165,245,
6.169,244,
6.173,245,
6.177,2,
6.181,243,
6.186,245,
6.19,244,
6.194,242,
6.198,243,
6.202,243,
6.206,244,
6.21,245,
6.215,243,
6.219,247,
6.223,242,
6.227,243,
6.231,246,
6.235,245,
6.239,25,
6.243,246,
6.247,246,
6.251,244,
6.255,238,
6.259,242,
6.263,244,
6.268,242,
6.272,245,
6.276,244,
6.28,244,
6.284,244,
6.288,241,
6.292,245,
6.296,246,
6.301,244,
6.305,246,
6.309,249,
6.313,246,
6.317,245,
6.321,244,
6.325,235,
6.329,251,
6.334,247,
6.338,244,
6.342,111,
6.346,244,
6.35,246,
6.354,244,
6.359,242,
6.363,243,
6.368,242,
6.372,245,
6.376,242,
6.38,245,
6.384,244,
6.388,247,
6.392,246,
6.396,244,
6.4,6,
6.405,230,
6.409,247,
6.413,247,
6.417,247,
6.421,248,
6.425,244,
6.429,238,
6.433,246,
6.438,244,
6.442,249,
6.446,245,
6.45,244,
6.454,244,
6.458,245,
6.462,242,
6.467,244,
6.471,246,
6.475,244,
6.479,246,
6.483,243,
6.487,243,
6.491,248,
6.495,242,
6.5,243,
6.504,246,
6.508,245,
6.512,245,
6.517,246,
6.521,244,
6.525,246,
6.529,244,
6.533,244,
6.538,244,
6.542,245,
6.546,246,
6.551,247,
6.556,244,
6.56,243,
6.564,245,
6.568,246,
6.572,248,
6.576,244,
6.581,245,
6.585,244,
6.589,245,
6.593,244,
6.597,248,
6.601,246,
6.606,246,
6.61,244,
6.614,244,
6.618,245,
6.623,244,
6.627,248,
6.631,245,
6.635,248,
6.639,243,
6.643,244,
6.647,242,
6.651,245,
6.655,248,
6.659,244,
6.664,242,
6.668,242,
6.672,242,
6.677,245,
6.681,247,
6.685,242,
6.689,245,
6.693,247,
6.698,242,
6.702,244,
6.706,245,
6.71,246,
6.715,244,
6.719,246,
6.723,244,
6.727,243,
6.731,242,
6.736,242,
6.74,243,
6.744,243,
6.749,245,
6.753,239,
6.757,244,
6.762,242,
6.766,243,
6.77,245,
6.774,245,
6.778,243,
6.782,244,
6.787,245,
6.791,241,
6.795,246,
6.799,245,
6.803,246,
6.808,242,
6.812,245,
6.816,246,
6.82,243,
6.824,242,
6.828,243,
6.832,247,
6.837,243,
6.841,245,
6.845,247,
6.85,244,
6.854,44,
6.858,243,
6.862,244,
6.866,246,
6.87,243,
6.874,243,
6.881,244,
6.886,247,
6.89,244,
6.894,242,
6.898,243,
6.902,243,
6.906,242,
6.91,243,
6.914,244,
6.919,244,
6.923,243,
6.927,245,
6.931,246,
6.936,244,
6.94,236,
6.944,237,
6.948,236,
6.952,235,
6.956,237,
6.96,234,
6.964,237,
6.968,235,
6.972,234,
6.976,238,
6.98,231,
6.984,233,
6.988,234,
6.992,235,
6.996,232,
7.001,235,
7.005,235,
7.009,231,
7.013,236,
7.017,235,
7.021,237,
7.025,239,
7.029,236,
7.034,236,
7.038,236,
7.042,238,
7.046,236,
7.051,234,
7.055,234,
7.059,36,
7.063,236,
7.067,237,
7.071,237,
7.075,236,
7.079,235,
7.083,235,
7.087,238,
7.091,233,
7.095,238,
7.099,236,
7.103,236,
7.107,238,
7.111,237,
7.116,235,
7.12,237,
7.124,235,
7.128,242,
7.132,236,
7.136,238,
7.14,233,
7.144,234,
7.148,236,
7.152,239,
7.156,239,
7.16,238,
7.164,234,
7.168,237,
7.172,238,
7.177,235,
7.181,240,
7.185,237,
7.189,238,
7.193,237,
7.197,237,
7.201,238,
7.206,237,
7.21,238,
7.214,237,
7.218,234,
7.222,239,
7.226,236,
7.23,237,
7.234,237,
7.238,238,
7.242,234,
7.246,237,
7.251,243,
7.255,238,
7.259,236,
7.263,237,
7.267,235,
7.271,236,
7.275,240,
7.279,240,
7.283,235,
7.288,238,
7.292,237,
7.296,233,
7.3,239,
7.304,238,
7.309,235,
7.313,236,
7.317,235,
7.321,236,
7.325,238,
7.329,238,
7.333,240,
7.337,239,
7.341,230,
7.345,238,
7.35,233,
7.354,240,
7.358,236,
7.363,236,
7.367,236,
7.371,240,
7.376,238,
7.38,235,
7.384,235,
7.389,239,
7.393,242,
7.397,237,
7.401,235,
7.405,239,
7.409,243,
7.413,236,
7.417,239,
7.421,236,
7.425,237,
7.43,235,
7.434,237,
7.439,235,
7.444,235,
7.449,236,
7.454,238,
7.458,235,
7.463,239,
7.467,235,
7.472,238,
7.477,239,
7.481,237,
7.486,235,
7.49,238,
7.495,238,
7.499,29,
7.503,26,
7.507,18,
7.511,237,
7.515,248,
7.52,233,
7.524,239,
7.528,240,
7.532,240,
7.536,237,
7.541,239,
7.545,239,
7.549,236,
7.555,237,
7.559,233,
7.563,240,
7.567,237,
7.571,29,
7.575,238,
7.58,240,
7.584,241,
7.588,245,
7.592,4,
7.596,239,
7.601,238,
7.605,237,
7.609,239,
7.614,236,
7.618,238,
7.622,236,
7.626,239,
7.631,239,
7.635,240,
7.639,240,
7.643,237,
7.647,239,
7.651,237,
7.655,236,
7.659,236,
7.663,239,
7.668,241,
7.672,238,
7.676,239,
7.68,236,
7.684,238,
7.689,238,
7.693,237,
7.697,235,
7.702,239,
7.706,238,
7.71,237,
7.714,238,
7.718,237,
7.722,240,
7.726,239,
7.731,236,
7.735,239,
7.739,240,
7.743,239,
7.747,242,
7.751,238,
7.756,239,
7.76,242,
7.764,238,
7.768,241,
7.773,238,
7.777,212,
7.781,235,
7.785,235,
7.789,239,
7.794,235,
7.798,239,
7.802,238,
7.806,237,
7.81,239,
7.814,239,
7.818,240,
7.822,240,
7.826,237,
7.83,237,
7.835,235,
7.839,238,
7.843,241,
7.847,241,
7.852,240,
7.856,236,
7.86,241,
7.864,241,
7.869,237,
7.873,239,
7.877,240,
7.881,239,
7.886,239,
7.89,241,
7.894,240,
7.899,237,
7.903,241,
7.907,242,
7.911,249,
7.915,224,
7.919,240,
7.924,237,
7.928,238,
7.932,240,
7.936,242,
7.941,238,
7.945,239,
7.949,245,
7.953,241,
7.958,242,
7.962,240,
7.966,237,
7.97,241,
7.974,238,
7.979,242,
7.983,241,
7.988,241,
7.992,240,
7.996,238,
8.001,240,
8.005,239,
8.01,239,
8.014,240,
8.018,240,
8.022,239,
8.026,236,
8.03,237,
8.035,239,
8.039,240,
8.043,241,
8.047,242,
8.051,240,
8.055,242,
8.059,240,
8.063,243,
8.067,240,
8.072,241,
8.076,241,
8.08,244,
8.084,240,
8.088,242,
8.092,239,
8.096,240,
8.101,237,
8.105,244,
8.11,242,
8.114,241,
8.118,242,
8.122,242,
8.126,246,
8.13,247,
8.134,247,
8.138,246,
8.143,246,
8.147,246,
8.151,245,
8.157,245,
8.161,249,
8.166,245,
8.17,245,
8.174,248,
8.178,245,
8.183,245,
8.187,249,
8.191,247,
8.196,246,
8.2,248,
8.205,245,
8.209,247,
8.213,249,
8.217,249,
8.221,246,
8.225,244,
8.23,243,
8.234,244,
8.241,244,
8.246,248,
8.25,244,
8.254,246,
8.258,248,
8.262,248,
8.266,248,
8.27,245,
8.274,244,
8.278,247,
8.283,249,
8.287,246,
8.291,248,
8.295,247,
8.299,247,
8.303,246,
8.307,244,
8.311,245,
8.316,10,
8.32,248,
8.324,248,
8.328,254,
8.332,151,
8.336,8,
8.34,8,
8.345,7,
8.349,7,
8.353,17,
8.357,7,
8.361,8,
8.366,60,
8.37,7,
8.374,7,
8.378,7,
8.383,43,
8.387,7,
8.391,137,
8.395,121,
8.399,128,
8.403,102,
8.407,9,
8.411,7,
8.415,7,
8.42,7,
8.424,8,
8.428,8,
8.432,88,
8.436,125,
8.441,52,
8.445,163,
8.449,56,
8.453,127,
8.457,7,
8.461,7,
8.466,38,
8.47,7,
8.474,7,
8.478,7,
8.482,9,
8.487,8,
8.491,7,
8.495,8,
8.499,10,
8.503,8,
8.507,7,
8.511,8,
8.516,7,
8.52,8,
8.524,7,
8.529,7,
8.533,7,
8.537,7,
8.541,50,
8.545,28,
8.549,156,
8.553,136,
8.562,77,
8.567,110,
8.572,41,
8.576,173,
8.58,182,
8.584,184,
8.588,204,
8.592,205,
8.596,221,
8.6,204,
8.605,204,
8.609,200,
8.613,181,
8.617,176,
8.621,184,
8.626,182,
8.629,181,
8.634,225,
8.638,228,
8.642,232,
8.646,242,
8.65,241,
8.654,244,
8.659,227,
8.663,226,
8.667,241,
8.671,243,
8.675,243,
8.679,6,
8.684,248,
8.688,238,
8.692,246,
8.696,249,
8.7,243,
8.704,241,
8.708,209,
8.715,178,
8.719,186,
8.723,194,
8.727,198,
8.731,226,
8.735,225,
8.739,227,
8.743,231,
8.747,237,
8.751,239,
8.755,238,
8.76,239,
8.765,241,
8.769,237,
8.773,236,
8.777,229,
8.781,230,
8.786,234,
8.79,236,
8.794,235,
8.798,237,
8.802,236,
8.806,237,
8.81,235,
8.814,237,
8.818,236,
8.822,240,
8.827,2,
8.831,237,
8.836,242,
8.84,247,
8.844,249,
8.848,246,
8.853,246,
8.857,244,
8.861,246,
8.866,247,
8.87,248,
8.874,248,
8.879,4,
8.883,245,
8.887,246,
8.891,247,
8.895,244,
8.9,247,
8.904,251,
8.908,248,
8.912,247,
8.916,248,
8.921,245,
8.925,244,
8.929,246,
8.933,246,
8.937,245,
8.941,247,
8.945,249,
8.95,247,
8.954,247,
8.958,246,
8.962,244,
8.966,245,
8.97,18,
8.974,249,
8.978,244,
8.982,244,
8.986,246,
8.99,247,
8.994,244,
8.998,243,
9.003,248,
9.007,247,
9.011,247,
9.015,246,
9.019,246,
9.023,243,
9.027,244,
9.031,247,
9.036,251,
9.04,245,
9.044,247,
9.048,247,
9.052,250,
9.056,247,
9.06,233,
9.065,245,
9.069,247,
9.073,246,
9.077,246,
9.081,247,
9.086,249,
9.09,249,
9.094,246,
9.098,252,
9.102,246,
9.106,248,
9.11,243,
9.114,249,
9.119,248,
9.123,243,
9.127,240,
9.131,239,
9.135,243,
9.139,240,
9.144,244,
9.148,244,
9.152,248,
9.157,241,
9.161,245,
9.165,246,
9.169,242,
9.173,241,
9.177,248,
9.181,245,
9.185,241,
9.189,243,
9.194,244,
9.198,243,
9.202,245,
9.206,243,
9.21,230,
9.214,245,
9.218,247,
9.222,244,
9.226,32,
9.23,234,
9.234,27,
9.238,26,
9.242,247,
9.247,28,
9.251,243,
9.255,244,
9.259,247,
9.263,248,
9.267,247,
9.272,246,
9.276,242,
9.28,245,
9.285,245,
9.289,245,
9.293,245,
9.297,245,
9.301,244,
9.305,248,
9.31,247,
9.315,249,
9.32,245,
9.324,239,
9.329,246,
9.333,245,
9.338,243,
9.342,247,
9.347,246,
9.352,245,
9.357,246,
9.361,244,
9.365,244,
9.371,244,
9.375,244,
9.379,244,
9.383,245,
9.387,242,
9.391,220,
9.395,245,
9.399,218,
9.404,245,
9.408,246,
9.412,244,
9.416,243,
9.42,243,
9.424,247,
9.428,247,
9.432,243,
9.437,245,
